post_id,comment_id,author,text,likes,timestamp
1122685109887021,Y29tbWVudDoxMTIyNjg1MTA5ODg3MDIxXzEzODc2MDczMjU1OTk1Mzc=,Unknown,ุงูุฌุฒุงุฆุฑ ุจูุงุฏ ุฑุฌุงู ูุงุจุทุงู ู ุดูุฏุงุก,0,
1122685109887021,Y29tbWVudDoxMTIyNjg1MTA5ODg3MDIxXzEzNjc4MDIxOTEwMzA3ODE=,Unknown,ูุณุฎุฉ ูู ุจูุฒููุง ูุง ุดุงุก ุงููู ูุง ุฎูู ุนูู ูุฌูู ุงูุฎุถุฑ ูู ูุงุณ ุงูุฑูููุง ุงููุงุฏูุฉ โฅ๏ธ,0,
1122685109887021,Y29tbWVudDoxMTIyNjg1MTA5ODg3MDIxXzEwOTY5MjAzMzkxNDAzMTE=,Unknown,ูู ูุงููุง #ุฌุฒุงุฆุฑู ูุจูุฑ ูุฌููู ๐ฉ๐ฟ๐ฉ๐ฟ,0,
1122685109887021,Y29tbWVudDoxMTIyNjg1MTA5ODg3MDIxXzIxNTQ3NDc3NTE2MTIzODM=,Unknown,ุฏูุฑู ูุฑูุณู ุถุนูู,0,
1122685109887021,Y29tbWVudDoxMTIyNjg1MTA5ODg3MDIxXzEwNDcyMjg4MzA2MzY3OTQ=,Unknown,ููุตูุฉ ููุฏููู ุชุญูุง ููุฎุฑ ุงูุนุฑุจ ุงููู ุบููุฑู ๐ซถ๐ซถ,0,
1122685109887021,Y29tbWVudDoxMTIyNjg1MTA5ODg3MDIxXzEzNTg1Mzg1NjUzODE3Nzg=,Unknown,ูุงุฏ bien sport ููุณุชุญูุฑู ุงูุนุฑุจ ุนุงุฑูููู ุนูุฏูู ุบูุฑ ุงูุนุงุทูุฉ ููู ูุง ูุงู ุดู ุจูุช ุนุฑุจู ูููู ููู ุดุงูุฏ ูุชุนุฉ ููุฏุง ูุงุนุจ ุงูุนุฑุจู ูู ุฃุฌู ุชูุงุนู,0,
1122685109887021,Y29tbWVudDoxMTIyNjg1MTA5ODg3MDIxXzExNzYzNTM5NDcyODcwODc=,Unknown,ููุตูุฉ ุจุชุงุฑูุฎ ูู ูุงุนุจูู ุงูุนุฑุจ,0,
1122685109887021,Y29tbWVudDoxMTIyNjg1MTA5ODg3MDIxXzU0MDY0MDUzMjQyODI0OQ==,Unknown,ูู ุณุฌู ูุฑููู ุชุทุจูู ุจูุง ุญุฏูุฏ ู ูู ุณุฌู ุบููุฑู ูุง ุญุฐุซ ุญุท ุตูุฑ ู ููุช... ูู ูุนููุด ุชุญูุง ุงูุฌุฒุงุฆุฑ ๐ฉ๐ฟ๐ช,0,
1122685109887021,Y29tbWVudDoxMTIyNjg1MTA5ODg3MDIxXzEwODg3NDc4MzMwNjI2NzY=,Unknown,"ุงููุงุจุชู ูุงุฌุฏ ุนุงุฏ ูู ุฌุฏูุฏ 
ุงููู ุซู ุงูุฑุณูู ุซู ุงููุงูุฏูู ุซู ุงูุฌุฒุงุฆุฑ ุงููุญุฑูุณุฉ",0,
1122685109887021,Y29tbWVudDoxMTIyNjg1MTA5ODg3MDIxXzk4ODYwNDAwNjU4OTM4OQ==,Unknown,ูุงุชุฑูู ุงููุฌู ุงููุบุฑุจู ุงููู ุบููุฑู ุงุจู ูุฌุฏุฉ  ุจุฑุงูู ๐๐,0,
1122685109887021,Y29tbWVudDoxMTIyNjg1MTA5ODg3MDIxXzEzOTg1MzIwODQ4OTQ5OTQ=,Unknown,ูุฏู ูู ููุตูุฉ ุฑุงุฆุนุฉ ๐ฉ๐ฟ๐ฅ,0,
1122685109887021,Y29tbWVudDoxMTIyNjg1MTA5ODg3MDIxXzk4ODYwNDAwNjU4OTM4OQ==,Unknown,ูุงุชุฑูู ุงููุฌู ุงููุบุฑุจู ุงููู ุบููุฑู ุงุจู ูุฌุฏุฉ  ุจุฑุงูู ๐๐,0,
1122685109887021,Y29tbWVudDoxMTIyNjg1MTA5ODg3MDIxXzcwMDk4NDM2MjM2NDcyNw==,Unknown,ุบููุฑู ุณูููู ูุฏุงู ูุฃุณ ุฅูุฑูููุง ุจุงููุบุฑุจ ุฅู ุดุงุก ุงููู,0,
1122685109887021,Y29tbWVudDoxMTIyNjg1MTA5ODg3MDIxXzY1MzAwMzEzMDgyMTY3MQ==,Unknown,"ุงู ููู ูุง ุจูุฑูุฒ
ูุงู ุจุฅููุงูู ุฌูุจ ุฏูุฒุฑุจู ููุฑูุงู",0,
1122685109887021,Y29tbWVudDoxMTIyNjg1MTA5ODg3MDIxXzIzOTI4MDg2NjQ0MzI0MzI=,Unknown,ุงูููู ุตูู ุนูู ุงูุญุจูุจ ุงููุตุทูู ุนููู ุงูุตูุงู ูุงูุณูุงู,0,
1122685109887021,Y29tbWVudDoxMTIyNjg1MTA5ODg3MDIxXzExODczMTAzMzk0MzU2MDE=,Unknown,"Gouiri โ
Rivaldo โ",0,
1122685109887021,Y29tbWVudDoxMTIyNjg1MTA5ODg3MDIxXzE0Mjc3MDcwODUwNTY4NDc=,Unknown,ููุฏููุุุุุ,0,
1122685109887021,Y29tbWVudDoxMTIyNjg1MTA5ODg3MDIxXzQxODkyODE3NjEzMDY0ODc=,Unknown,๐ฉ๐ฟ๐ฉ๐ฟ๐ฉ๐ฟ,0,
1122685109887021,Y29tbWVudDoxMTIyNjg1MTA5ODg3MDIxXzE3ODAyOTAwNzkyMDcwNzU=,Unknown,ุฃููู ุบููุฑู ูุณุฌู ูุงุชุฑูู ููุฏู ูู ููุตูุฉ ุฎูุงููุฉ ๐ฅ๐ฅ๐ฉ๐ฟ๐ฉ๐ฟ  ุชุญูุง ุงูุฌุฒุงุฆุฑ ูุงุดูุฏูุง,0,
1122685109887021,Y29tbWVudDoxMTIyNjg1MTA5ODg3MDIxXzY1OTUyNzQxMzQ3MTM0OQ==,Unknown,ุงูุฃูุฏุงู ูู ุณุชูุฑู,0,
1122685109887021,Y29tbWVudDoxMTIyNjg1MTA5ODg3MDIxXzEzOTg2NDc1MTQ4MTc3MDg=,Unknown,ุฏูุฑู ููุชุน...,0,
1122685109887021,Y29tbWVudDoxMTIyNjg1MTA5ODg3MDIxXzEzODQ5OTUzMzkxMDU4ODA=,Unknown,ุงููุฏู ูู ุณุชูุฑู ุชุงุจุนููู,0,
1122685109887021,Y29tbWVudDoxMTIyNjg1MTA5ODg3MDIxXzE0MjA3NDYyMzg5NDM4ODM=,Unknown,๐ฉ๐ฟ๐ฅ,0,
1122685109887021,Y29tbWVudDoxMTIyNjg1MTA5ODg3MDIxXzEzNTk0ODUwMTg0MzI0NzE=,Unknown,ูุงุชุฑู ุบููุฑู ูู ุณุชูุฑู๐ฅ๐ฅ๐ฅโ,0,
1122685109887021,Y29tbWVudDoxMTIyNjg1MTA5ODg3MDIxXzE4OTUxMDAxODc5NDMwNjU=,Unknown,No content,0,
1122685109887021,Y29tbWVudDoxMTIyNjg1MTA5ODg3MDIxXzY2NDE0NzYwNjIxOTc2Ng==,Unknown,.,0,
1122685109887021,Y29tbWVudDoxMTIyNjg1MTA5ODg3MDIxXzIwNzI1NDEwOTY1NzczMTI=,Unknown,๐๐Hatrik hatrik,0,
1122685109887021,Y29tbWVudDoxMTIyNjg1MTA5ODg3MDIxXzExNDUxNjAxNDQwNzU2MTc=,Unknown,Bravo amine notre fierte one two three viva L'Algรฉrie ๐ฉ๐ฟโค๏ธโ๐ฅ๐ซก๐ช๐ป,0,
1122685109887021,Y29tbWVudDoxMTIyNjg1MTA5ODg3MDIxXzEwNDkzNjQxNjcwNDcxNzI=,Unknown,ุจูุดุฑ ุนู ุงูุญุถุงุฑุฉ ุงููุตุฑูุฉ ุงููุฏููุฉ ูููู ุชุฏุนููู ุจูุชุงุจุนุฉ ๐ฅฐ๐ช๐ฌ,0,
1122685109887021,Y29tbWVudDoxMTIyNjg1MTA5ODg3MDIxXzcyMzIwNDAzMzM2MzEzNQ==,Unknown,ูุจุฑูู ุนูู ุบููุฑู ูุชุญูุง ุงูุฌุฒุงุฆุฑ ๐ฉ๐ฟ,0,
1122685109887021,Y29tbWVudDoxMTIyNjg1MTA5ODg3MDIxXzEwNDM4MjM3NDEwMTcxNjc=,Unknown,ุบููุฑู ูุณุฌู 3 ุฃูุฏุงู ูููุง ูุงูุตูุฉ ุนุงูููุฉ ๐ฉ๐ฟ๐ฉ๐ฟ๐ฉ๐ฟโคโ๐ฅ๐ช๐ป๐,0,
1122685109887021,Y29tbWVudDoxMTIyNjg1MTA5ODg3MDIxXzE2NDQwNTA4NDMxNDAzODE=,Unknown,ุชุจูุง ุงูุฌุฒุงุฆุฑ ุฃุณูุงุฏูู ูู ูุฑุฉ ูุฏู ุงูุนุงูููุฉ .,0,
1122685109887021,Y29tbWVudDoxMTIyNjg1MTA5ODg3MDIxXzE3MTExMDE5ODMxNTQwNjc=,Unknown,ุฃููู ุฅุถุงูุฉ ูุจูุฑุฉ ููููุชุฎุจ ุฌุฒุงุฆุฑู ๐ฉ๐ฟโฅ๏ธ,0,
1122685109887021,Y29tbWVudDoxMTIyNjg1MTA5ODg3MDIxXzg0NzE0Nzc1NDI4NDE2MQ==,Unknown,ุงูุงุฏูู ุนูุงุดู ููุญูุจู.....,0,
1122685109887021,Y29tbWVudDoxMTIyNjg1MTA5ODg3MDIxXzIxMTkyNTg0MDE5Mjc3Mjg=,Unknown,ูุง ููุง ูู ูุจุงุฑุงุฉ ูุนุจูุง ุงููู ุบููุฑู,0,
1122685109887021,Y29tbWVudDoxMTIyNjg1MTA5ODg3MDIxXzY4MzMyOTY0NzY3OTQwNQ==,Unknown,ฤครฅ ฤถรธ ๐๐ค,0,
1122685109887021,Y29tbWVudDoxMTIyNjg1MTA5ODg3MDIxXzEwMzYzNTM2MTEyNjEzODU=,Unknown,ูุงุนุจ ุงูุฌุฒุงุฆุฑู ุบููุฑู ุนุงููู ูุดุงุก ุงููู ๐ฉ๐ฟ๐,0,
1122685109887021,Y29tbWVudDoxMTIyNjg1MTA5ODg3MDIxXzU3NDI5OTI2OTAxMzQyOQ==,Unknown,"ุบููุฑู ุณุฌู ูุฏู ุนุงููู ุจููุตูุฉ๐๐ค๐ฉ๐ฟ๐ฉ๐ฟ

ุงูุงูุฏุงู ูู ุงูุณุชูุฑู โ๐ฅ๐ฅ๐ฅ",0,
1122685109887021,Y29tbWVudDoxMTIyNjg1MTA5ODg3MDIxXzY4NTcwNjc1NzU4ODI5Mg==,Unknown,ุงููู ุฌููุฑู ุนุงููู โฅ๏ธโฅ๏ธโฅ๏ธโฅ๏ธโฅ๏ธ๐,0,
1122663243222541,Y29tbWVudDoxMTIyNjYzMjQzMjIyNTQxXzEyMTQwNzIxNTcwMTQ1NjM=,Unknown,ูุจุฑูู  ูู ุฌุฒุงุฆุฑ,0,
1122663243222541,Y29tbWVudDoxMTIyNjYzMjQzMjIyNTQxXzEyMzY0MDA1MTc5MDYyMTE=,Unknown,ูุจุฑูู ูุงู ุดุงุก ุงููู ุงูููุงุฆู ูุตุฑู ูุบุฑุจู๐ฒ๐ฆโค๏ธ๐ช๐ฌ,0,
1122663243222541,Y29tbWVudDoxMTIyNjYzMjQzMjIyNTQxXzk3NzYyNDQxMzI0MzQzNDA=,Unknown,ูุจุฑูู ุงูุฅุฎูุฉ ุงููุตุฑููู  ูู ุงููุบุฑุจ,0,
1122663243222541,Y29tbWVudDoxMTIyNjYzMjQzMjIyNTQxXzU0MDY5NTQ2ODgyNzQ5Mg==,Unknown,ูุง ุญูู ููุง ููุฉ ุงูุง ุจุงููู ๐ฟ๐ฆ๐ฒ๐ฆ๐ญ,0,
1122663243222541,Y29tbWVudDoxMTIyNjYzMjQzMjIyNTQxXzEwMzU2NDUxNzg0NTAzMDU=,Unknown,ุฃุฎูุฑุง ููููุง ูุญุณ ุฌููุจ ุงูุฑูููุง ุฏู,0,
1122663243222541,Y29tbWVudDoxMTIyNjYzMjQzMjIyNTQxXzExNzEzNTk5MDQ3NjYyMTA=,Unknown,ุจุญุจู ูุง ูุตุฑ,0,
1122663243222541,Y29tbWVudDoxMTIyNjYzMjQzMjIyNTQxXzEyMTk1ODQyNDYyMjQ3OTA=,Unknown,ููุฒูุฏ ูู ุฃุฎุจุงุฑ ุฏูุฑุชูููุฏ โโ,0,
1122663243222541,Y29tbWVudDoxMTIyNjYzMjQzMjIyNTQxXzY2NDA4OTA1OTkxMTk0Mg==,Unknown,ููุชุฎุจ ูุงููุด ูููุฉ,0,
1122663243222541,Y29tbWVudDoxMTIyNjYzMjQzMjIyNTQxXzY3NjM4MDQyODY2NDc3MA==,Unknown,ูุจุฑูู ุงูููุฒ ูููุฑุงุนูุฉ ุงูุดุจุงุจ ููุชููู ุงูููุฒ ุฃูุถุข ูููุบุฑุจ ูุชููุณ,0,
1122663243222541,Y29tbWVudDoxMTIyNjYzMjQzMjIyNTQxXzI2NDQzMzAzMzI0MzgwMzM=,Unknown,"ุฑูุงู ูุฏุฑูุฏ ูุง ููุนุจ ููุงุฆูุง ุจู 

ูุฎุณุฑูุง",0,
1122663243222541,Y29tbWVudDoxMTIyNjYzMjQzMjIyNTQxXzU0OTM0ODE0Nzg2ODYyMA==,Unknown,ุฌููุจ ุงูุฑูููุง ุงูุณูุงุฏู ุนุงููู ูููุง ุนูุงูู๐,0,
1122663243222541,Y29tbWVudDoxMTIyNjYzMjQzMjIyNTQxXzExODk3ODY3OTI1MjY3NzI=,Unknown,"ููุณุชุฑ ุณูุชู ุงูุถู ูุงุฏู ูู ุงูุชุงุฑูุฎ.
ู ุฌููู ูุงุฑุฏู ุงูุถู ูุงุนุจ ูู ุงูุชุงุฑูุฎ..

ุชุงุจุนููุง ููุฒูุฏ ูู ุฃุฎุจุงุฑ ุงูุซุนุงูุจ ๐ฆ",0,
1122663243222541,Y29tbWVudDoxMTIyNjYzMjQzMjIyNTQxXzY4MDE4ODA5NDYxMjg4Mg==,Unknown,ุนูุฏู ุงุณุชูุณุงุฑ ุงุฒุงู ูุนูู ุชุญุช 20 ุนุงู ูููุชุฎุจ ุงูุฌููุจ ูู ุงููุนูุจู ุงุนูุงุฑูู ูู 25 ู 26 ู24 ูููุชุฎุจ ูุตุฑ 22 ู21ุ,0,
1122663243222541,Y29tbWVudDoxMTIyNjYzMjQzMjIyNTQxXzE3NTQ4NzIxODE3NzA4MDM=,Unknown,ูุญูุฏ ุนุจุฏุงููู ูููุจุฉ ูุญุชุงุฌุฉ ุงูุงูุชูุงู ููููู ูุดุฑูุน ุตูุงุญ ุฌุฏูุฏ,0,
1122663243222541,Y29tbWVudDoxMTIyNjYzMjQzMjIyNTQxXzE4NzM5NTA3MTAwNjU0NTA=,Unknown,ููุฒ ุตุนุจ ูุจุดู ุงูุงููุณ,0,
1122663243222541,Y29tbWVudDoxMTIyNjYzMjQzMjIyNTQxXzk4NDM5NTAyMDM0MzUzNw==,Unknown,ุฌููุจ ุงูุฑูููุง ุตุงุฑุช ุชูุซู ููุง ุฑุนุจ ูู ุงููุบุฑุจ ๐ฒ๐ฆ๐ฅ,0,
1122663243222541,Y29tbWVudDoxMTIyNjYzMjQzMjIyNTQxXzExNDM5MzUzNTA4MTg4MjI=,Unknown,ุงูุญูููุฉ ุงููุญูุฏุฉ ุงูุชู ูุนุฑููุง ุงูุนุฑุจ ุงููุชุฎุงุฐููู ๐ช๐ฌ๐ฉ๐ฟ๐น๐ณ๐ฑ๐พ๐ฒ๐ท ุงู ููุณุทูู ุณุงุชุชุญุฑุฑ ุจูุถู ุฌูุงูุฉ ุงูููู ูุญูุฏ ุงูุณุงุฏุณ ุญูุธู ุงููู ูุฑุนุงู ูุงุฏุงูู ุชุงุฌ ููู ุฑุคูุณ ูู ุงูุนุฑุจ ๐ฒ๐ฆ๐ฒ๐ฆโค๏ธโค๏ธ,0,
1122663243222541,Y29tbWVudDoxMTIyNjYzMjQzMjIyNTQxXzE5MTkxMzA0NTIxNjYyOTA=,Unknown,ุงูู ูุจุฑููููููู ุงุฎุชูู ูู ุงูุฌุฒุงุฆุฑ,0,
1122663243222541,Y29tbWVudDoxMTIyNjYzMjQzMjIyNTQxXzcwMjQzNzk0ODk4NDkyNA==,Unknown,ูุจุฑูู ููุงุดูุงุก ูุฑุฌุงูุฉ โ๏ธ๐ฉ๐ฟ,0,
1122663243222541,Y29tbWVudDoxMTIyNjYzMjQzMjIyNTQxXzk4NzM3MjQ1MjkzNjEzODk=,Unknown,"ูู ูุงูุช ููุณุทูู ุนูู ุญุฏูุฏ ูุตุฑ ๐ช๐ฌ 
ูุชุญุฑุฑุช ููุฐ ุฒูุงู 
ูู ุชุนูู ุฃู ุงูุฌูุด ุงููุตุฑู ุชุฑุชูุจู ุงูุชุงุณุน ุนุดุฑุง ุนุงูููุง ุนูู ูุณุชูู ุฌููุด ุงูุนุงูู
ูู ุชุนูู ุฃู ุงูุฌูุด ุงููุตุฑู ูู ุงูุฃูู ุนุฑุงุจูุง ูุงูุงููู ูู ูุงุฑุฉ ุงูุฑูููุง
ููุณ ูุนุฏุงุช ููุท ุจู ููุงู ุนุชุงุฏ ุงูุถุง
ุชูุชูู ูุตุฑ๐ช๐ฌ 35ุงูู ููุงุทู ูุงุฏุฑ ุนูู ุญูู ุงูุณูุงุญ ููุฏุฑุจ ุฃุนูู ุงูุชุฏุฑูุจุงุช .",0,
1122663243222541,Y29tbWVudDoxMTIyNjYzMjQzMjIyNTQxXzY3MjY1NTUwODcyODUyOA==,Unknown,ุจูุงู ุณุจูุฑ ุชุชุบุงุทุฆ ุฃูุถู ูุจุฑูุงุช ู ุฃุตุจุญุช ุชููู ุฃุฎุจุงุฑ ุชุงููุฉูุซููุง ๐๐คง,0,
1122663243222541,Y29tbWVudDoxMTIyNjYzMjQzMjIyNTQxXzExMDAyMjAzOTIxNDkxMTk=,Unknown,ูุจุฑุฑููููู ุดุจุงุจ โ๏ธ๐ช๐ฌ,0,
1122663243222541,Y29tbWVudDoxMTIyNjYzMjQzMjIyNTQxXzEwMjY3MzQwMDg4ODYxMTM=,Unknown,ุจุงูุชูููู ูููุชุฎุงุจูุง ุฃู ุดุงุก ุงููู ูุญููู ุงููุฌูู ุงูุฎุงูุณู ูุงูุชุฃูู ููุงุณ ุงูุนุงูู,0,
1122663243222541,Y29tbWVudDoxMTIyNjYzMjQzMjIyNTQxXzY0OTcwNzY4NDcyNTQ5MA==,Unknown,ูุจุฑูู ุนูููู,0,
1122663243222541,Y29tbWVudDoxMTIyNjYzMjQzMjIyNTQxXzcwMDIwNzg1NjAwMzY2MA==,Unknown,ูุจุฑูู ููุตุฑ ูุจุชูููู ูุฌููุน ุงูููุชุฎุจุงุช ุงูุนุฑุจูุฉ,0,
1122663243222541,Y29tbWVudDoxMTIyNjYzMjQzMjIyNTQxXzE2MjA1NzcxODg2NDM0NDM=,Unknown,ุญุชู ูู ูุฏู ุงูุจุทููุฉ.ูุง ูุดุงุฑููู    ูุจุงุฑ ุงููุงุฑุฉ ๐ฉ๐ฟ๐,0,
1122663243222541,Y29tbWVudDoxMTIyNjYzMjQzMjIyNTQxXzE2NjUxMjYwMjQxMjAxNjM=,Unknown,ุฌููุจ ุงูุฑูููุง ูุฑุงูุง ูู ูู ููุงู ุฃูุฏูุฉ ูููุชุฎุจ ููุทูุด ูู ุงููุงุฑุฉ ุจุณุจุจูู ุงูุชู ูุงูุณูุบุงู,0,
1122663243222541,Y29tbWVudDoxMTIyNjYzMjQzMjIyNTQxXzE3NTExODExOTIxMDI2MzA=,Unknown,ูุจุฑูู ูููุชุฎุจ ูุตุฑ ุจุฏุงูู ููููู,0,
1122663243222541,Y29tbWVudDoxMTIyNjYzMjQzMjIyNTQxXzEzMjcyOTYyMzUwMjQ3ODc=,Unknown,ุงุฎูุฑุง ููุฒ ุนูู ุฌููุจ ุฃูุฑูููุง,0,
1122663243222541,Y29tbWVudDoxMTIyNjYzMjQzMjIyNTQxXzE0NDQxMjMwMDAwOTU1MjQ=,Unknown,ุชุญูุง ูุตุฑ,0,
1122663243222541,Y29tbWVudDoxMTIyNjYzMjQzMjIyNTQxXzEyOTk1MjA2OTUxMzU5OTU=,Unknown,ูุจุฑูู ูุจุฑูู ูุจุฑูู,0,
1122663243222541,Y29tbWVudDoxMTIyNjYzMjQzMjIyNTQxXzEzNjkxNTYwODQyOTA2Mjk=,Unknown,ูุจุฑูููู,0,
1122663243222541,Y29tbWVudDoxMTIyNjYzMjQzMjIyNTQxXzIwODM2MTgyOTU0NzYwNzA=,Unknown,ูุงู.ูุงู,0,
1122663243222541,Y29tbWVudDoxMTIyNjYzMjQzMjIyNTQxXzEwMDk3MTYyNjQ0NzAwOTE=,Unknown,ูุงุฑุจ ุชุฑุฒู ุงููุฏ ุงูู ูุชุงุจุนุฉ ุนูู ุญุณุงุจู ุงูุฌูุฉ ๐คฒ๐คฒ,0,
1122663243222541,Y29tbWVudDoxMTIyNjYzMjQzMjIyNTQxXzEwMjc1NjI5NDI2Nzg4MDM=,Unknown,ุจูุดุฑ ุนู ุงูุญุถุงุฑุฉ ุงููุตุฑูุฉ ุงููุฏููุฉ ูููู ุชุฏุนููู ุจูุชุงุจุนุฉ ๐ฅฐ๐ช๐ฌ๐ช๐ฌ๐ช๐ฌ,0,
1122663243222541,Y29tbWVudDoxMTIyNjYzMjQzMjIyNTQxXzYzOTk5MzIzODg3NDExNQ==,Unknown,"โููุง ูุถูุฑูู ุฃุญุฏูู ุฅุฐุง ุฌููุณ ููุงุฑุบูุง ุฃู ููููู ููููููู: ุงูุชูุจ ูุฑุญูููู ุงูููุ ุซููู ูููููู: ุณูุจุญุงูู ุงูููุ ุงูุญููุฏู ูููุ ูุง ุฅูู ุฅูุง ุงูููุ ุงููู ุฃูุจูุฑ.

- ุงูุญุณู ุงูุจุตุฑู",0,
1122663243222541,Y29tbWVudDoxMTIyNjYzMjQzMjIyNTQxXzEwODk4NDI0OTYyOTc3NDc=,Unknown,ุจุงูุชูููู ูุง ุฃุจุทุงู ูุตุฑ ๐๐ช๐ฌ๐๐ช๐ป,0,
1122663243222541,Y29tbWVudDoxMTIyNjYzMjQzMjIyNTQxXzE1NDQ0NTEzNTMxNDI1ODY=,Unknown,ูุจุฑูู ููููุถุฉ ุจุฑูุงู ุงููุบุฑุจู  ุชุฃูู ุนูู ุญุณุงุจ ูุฑูู ุดููุฑูุญุฉ ุฌุฒุงุฆุฑู๐๐,0,
1122663243222541,Y29tbWVudDoxMTIyNjYzMjQzMjIyNTQxXzY1MzMwNjE5MDgzOTUyMw==,Unknown,ูู ุงููุบุฑุจ : ูุจุฑูู ูุฃุดูุงุฆูุง ุงููุตุฑููู .,0,
1122663243222541,Y29tbWVudDoxMTIyNjYzMjQzMjIyNTQxXzEyNTg0Mzc1NDU4NDcyOTc=,Unknown,ุงูู ูุจุฑูููโฅ๐ช๐ฌ,0,
1122663243222541,Y29tbWVudDoxMTIyNjYzMjQzMjIyNTQxXzEyMDY2OTc2Nzc5MDgyNjA=,Unknown,ูุฏู ูุตุฑ ูู ุงูุงุณุชูุฑู ูุจุฌูุฏุฉ ุนุงููุฉ ๐ฅ๐ฅ๐ฅ,0,
1122663243222541,Y29tbWVudDoxMTIyNjYzMjQzMjIyNTQxXzY5NDI4NDAxNjQwODU4OQ==,Unknown,ู ู ุฃุฏูู,0,
1122631676559031,Y29tbWVudDoxMTIyNjMxNjc2NTU5MDMxXzU5MzcyMjI5OTY1ODE1MQ==,Unknown,ุงุดุจูู ุงูุณุฏ ุงููุฏ ุงุณุชูุงููุง ุจุงููุฑูู ุงููุงุจุงูู,0,
1122631676559031,Y29tbWVudDoxMTIyNjMxNjc2NTU5MDMxXzE4NDg1NjgyMDI2MDg1NDQ=,Unknown,ููุฒูุฏ ูู ุฃุฎุจุงุฑ ุฏูุฑุชูููุฏ โโ,0,
1122631676559031,Y29tbWVudDoxMTIyNjMxNjc2NTU5MDMxXzE5Mjk1MzMwODQ0NTkxMjk=,Unknown,ุญุท ูุฏู ูููุฑู ูุง ุตููููู,0,
1122631676559031,Y29tbWVudDoxMTIyNjMxNjc2NTU5MDMxXzIwOTU0Mjk4MDQyODIxNTE=,Unknown,ูุฏู ูููุฑู ุงูุนุงููู,0,
1122631676559031,Y29tbWVudDoxMTIyNjMxNjc2NTU5MDMxXzMyMTQ0NjA5MDIwNTI1NDg=,Unknown,ูุงูุงุณุงูู ููุชุญู ุจุงูุฃูุฏูุฉ ุงูุณุนูุฏูุฉ ูู ุงููุตู ุงูููุงุฆู,0,
1122631676559031,Y29tbWVudDoxMTIyNjMxNjc2NTU5MDMxXzExOTUwODMyOTU1OTQ5ODY=,Unknown,ููุงุฉ ูุง ุญุฏุซ ูุงุฐุง ุนู ูุงุชุฑูู ุบููุฑู ุฃู ูุง ุนูู ุฑุฃุช ููุง ุฃุฐู ุณูุนุช,0,
1122631676559031,Y29tbWVudDoxMTIyNjMxNjc2NTU5MDMxXzE2NzUxMTk5NzcyMTQ4MDM=,Unknown,"ุงูุง ุดุฎุตูุง ุณุงุนุชุฒู ูุฐู ุงูุจุทููุฉ ุงูุชู ููุช ุงุชุงุจุนูุง ูู ุณููุงุช ุฎุงุตุฉู ุงูุฃูุฏูุฉ ุงููุงุจุงููุฉ 
ูุฃู ุงููุณุชูู ุงูุชูุธููู ููุจุทููุฉ ุณูุฆ ูุถุนูู ููุบุงูุฉ ุฃุตุจุญุช  ุฏูุฑู ุงุจุทุงู ุงูุณุนูุฏูุฉ ูู ุงููุจุงุฑูุงุช ูู ุงูุณุนูุฏูุฉ ุจุฏูู ุฐูุงุจ ููุง ุฅูุงุจ",0,
1122631676559031,Y29tbWVudDoxMTIyNjMxNjc2NTU5MDMxXzU0MTA0MTMyODc4MzgyNg==,Unknown,ูุงุฑุฏ ูุงู ุงูุณุฏ,0,
1122631676559031,Y29tbWVudDoxMTIyNjMxNjc2NTU5MDMxXzE2NzUwNjE1NDMxMzAxOTU=,Unknown,ูุงุฑุจ ุชุนูู ุงููุฏ ุงูู ุชุนูู ูุชุงุจุนุฉ ุนูู ุญุณุงุจู ุฌูุฉ ุจุฏูู ุญุณุงุจ ๐คฒ๐คฒ,0,
1122631676559031,Y29tbWVudDoxMTIyNjMxNjc2NTU5MDMxXzY5NjMyMDY4MDAwODQxMg==,Unknown,ุฃูู ูุฏู ูููุฑู ุงูุนุงููู  ุุุ ๐ฉ๐ฟ๐ฉ๐ฟ๐ฉ๐ฟ๐ฉ๐ฟ๐ฉ๐ฟ๐ฉ๐ฟ๐ฉ๐ฟ๐ฉ๐ฟ,0,
1122631676559031,Y29tbWVudDoxMTIyNjMxNjc2NTU5MDMxXzQyNjA2MjgxNDA5MjgyMDE=,Unknown,ูุงุฑุฏ ูู ููุงุฏู ุงูุณุฏ ุงููุทุฑู,0,
1122631676559031,Y29tbWVudDoxMTIyNjMxNjc2NTU5MDMxXzY5OTU0ODEyMjYyOTM0Mw==,Unknown,ูุงูุงุณุงููโค๏ธ  ุงูุขู ุงููุตุฑ ๐๐ค,0,
1122631676559031,Y29tbWVudDoxMTIyNjMxNjc2NTU5MDMxXzM5MjQzMjQwNTQ0NTY4Njc=,Unknown,ุถุญูู ุงููุตุฑ ๐ฅ,0,
1122620169893515,Y29tbWVudDoxMTIyNjIwMTY5ODkzNTE1XzEzNTIyODUwMzkzNjUyMDY=,Unknown,ูุฏุง ุงูููุณู ููุงุฆู ุฑุฌุงู ููุณุงุก ุจูู ุจุฑุดูููุฉ ูุฃุฑุณูุงู,0,
1122620169893515,Y29tbWVudDoxMTIyNjIwMTY5ODkzNTE1XzE0Mjk4MjQyNDUxMjM5MDc=,Unknown,"ุณุฃููููุง ููุง 
ุจุฑุดูููุฉ รุงุฑุณูุงู ..ููุงุฆู ุงูุงุจุทุงู ุณูุฏุงุช
ุจุฑุดูููุฉ รุฃุฑุณูุงู ...ููุงุฆู ุงูุงุจุทุงู ุฑุฌุงู",0,
1122620169893515,Y29tbWVudDoxMTIyNjIwMTY5ODkzNTE1XzEyMjg0MTgwNzg4MDc5NzQ=,Unknown,ุญุชู ุงููุณุงุก ูุงูุจุฑุณุง ููุงู๐คฃ๐คฃ,0,
1122620169893515,Y29tbWVudDoxMTIyNjIwMTY5ODkzNTE1XzE0MTIyMjE2MDk5NjA0MjE=,Unknown,3leyatne mlli ๐,0,
1122620169893515,Y29tbWVudDoxMTIyNjIwMTY5ODkzNTE1XzExNjAwMTQ4MDI1Njg1OTQ=,Unknown,ุจุงููุง ููุงุฆู ููุฑุฌุงู ูููู ุฃุฑุณูุงู ูุจุงุฑุตุง,0,
1122620169893515,Y29tbWVudDoxMTIyNjIwMTY5ODkzNTE1XzY4NDk4OTQ1NzI1MzA2OQ==,Unknown,ุจุงูุชูููู ููุฑุฌุงู  ููุงู ๐ชโค๏ธ,0,
1122620169893515,Y29tbWVudDoxMTIyNjIwMTY5ODkzNTE1XzY3MjM2Njk5ODg3MjM2OQ==,Unknown,ูููุง ูุซุฑุช ุงูุฃุตูุงุชุ ูุจูู ุตูุชู ุงููุฑุขูู ุงูุฃุฌููู ูุงูุฃูุซุฑู ุทูุฃูููุฉ,0,
1122620169893515,Y29tbWVudDoxMTIyNjIwMTY5ODkzNTE1XzY1NDM2MzY3MDg0OTA5MA==,Unknown,ุงูุจุทููุฉ ุขุฑุณูุงู ุฑุฌุงูู ูุณูุฏุงุช,0,
1122620169893515,Y29tbWVudDoxMTIyNjIwMTY5ODkzNTE1XzYzOTEzMDcxOTExNjM0MQ==,Unknown,"ููุณุชุฑ ุณูุชู ุงูุถู ูุงุฏู ูู ุงูุชุงุฑูุฎ.
ู ุฌููู ูุงุฑุฏู ุงูุถู ูุงุนุจ ูู ุงูุชุงุฑูุฎ..

ุชุงุจุนููุง ููุฒูุฏ ูู ุฃุฎุจุงุฑ ุงูุซุนุงูุจ ๐ฆ",0,
1122620169893515,Y29tbWVudDoxMTIyNjIwMTY5ODkzNTE1XzE3NDE3NjgyMjAwNzAwNjU=,Unknown,ุงุชููุน ุฏูุฑู ุงูุฃุจุทุงู ููุฑุฌุงู ุณูููู ุจูุฐุง ุงูุณููุงุฑูู,0,
1122620169893515,Y29tbWVudDoxMTIyNjIwMTY5ODkzNTE1XzEzNTYwNDQzOTIxMTM5MTM=,Unknown,ูููุงุจู ุจุฑุดูููู,0,
1122620169893515,Y29tbWVudDoxMTIyNjIwMTY5ODkzNTE1XzM5Njg3MDAzMjAwNjk2NDg=,Unknown,Arsenal / Barcelona,0,
1122620169893515,Y29tbWVudDoxMTIyNjIwMTY5ODkzNTE1XzEzNjUxMjk0OTc4Njg3NDc=,Unknown,ุฎุทุงุจ ุงููุจูุณู ุงุฑุณูุงู ุจุฑุดูููุฉ ููุงุฆู ุณูุฏุงุช,0,
1122620169893515,Y29tbWVudDoxMTIyNjIwMTY5ODkzNTE1XzY4MTQxMTAxNDg2MTE1Nw==,Unknown,ููู ูู ููุฑุฃ ุชุนูููู ุฑุจูุง ููุฑุฌ ููู ูููุณุฑ ุฃูุฑู ููุฑุฒูู ูู ุญูุซ ูุง ุชุญุชุณุจ ๐คฒ,0,
1122620169893515,Y29tbWVudDoxMTIyNjIwMTY5ODkzNTE1XzIxMzMwNjM2MTcxMTcwMTE=,Unknown,Abdallah S. Alkabanni,0,
1122620169893515,Y29tbWVudDoxMTIyNjIwMTY5ODkzNTE1XzE5NzQzMjk5MTk3NTg5NDQ=,Unknown,Bravo ร Arsenal ๐ด๓ง๓ข๓ฅ๓ฎ๓ง๓ฟ pour cet exploit rรฉalisรฉ ร Lyon ๐ซ๐ท pour obtenir sa qualification pour la finale.,0,
1122620169893515,Y29tbWVudDoxMTIyNjIwMTY5ODkzNTE1XzcxMDg4NDYxMTY4MTk4MA==,Unknown,"ุงูุงูุฏุงู ูุงููุฉ ูู ุงูุณุชูุฑู ๐ฅ๐ฅโ
ุงูู ุงูุฃุฎุจุงุฑ ุงูุนุงูููู ูู ุงูุณุชูุฑู
โผ๏ธ ูููุฑุจูู 5๏ธโฃโ1๏ธโฃ ุชูุชููุงู ๐ฅโ
โผ๏ธ ูุงูุดุณุชุฑ ุณูุชู 2๏ธโฃโ0๏ธโฃ ููุฑุณุช 
โผ๏ธ ุงูุชุฑ ูููุงู 0๏ธโฃโ1๏ธโฃ ุฑููุง ๐ฅโ
โผ๏ธ ุจูุฑูููุซ 1๏ธโฃโ1๏ธโฃ ูุงูุดุณุชุฑ ูููุงูุชุฏ โ
โผ๏ธ ููููุชูุณ 2๏ธโฃโ0๏ธโฃ ูููุฒุง ๐ฅโ
โผ๏ธ ูููุงู 2๏ธโฃโ0๏ธโฃ ููููุฒูุง ๐ฅโ
โผ๏ธ ูููุฑูุชููุง 2๏ธโฃโ1๏ธโฃ ุงูุจููู ๐ฅโ
#ุงูุฏูุฑูุงุช_ุงูุนุงูููู ุฌููุน ุงูุฃูุฏุงู ุชุฌุฏูููุง ูุณุชูุฑู๐๐ฅ",0,
1122620169893515,Y29tbWVudDoxMTIyNjIwMTY5ODkzNTE1XzE1Mjk3NjAzMTEzMTcwMDM=,Unknown,Bravo ร eux,0,
1122620169893515,Y29tbWVudDoxMTIyNjIwMTY5ODkzNTE1XzI5Njg3MzUyMzQ0MjExMzc1,Unknown,"ูุงูุฑุฌุงู ุงูุถุข ุณูุตููู ุงูู ุงูููุงุฆู 
ุณูุฑูู",0,
1122620169893515,Y29tbWVudDoxMTIyNjIwMTY5ODkzNTE1XzEyMDEzOTY4NTQzMjY1Njg=,Unknown,๐ชโค๏ธ,0,
1122620169893515,Y29tbWVudDoxMTIyNjIwMTY5ODkzNTE1XzEwMjcxOTkxMDYwMDk2MTE=,Unknown,ุนูุง ูููุฑูู ุขุฑุณูุงู ููุฑุฌุงู ....,0,
1122620169893515,Y29tbWVudDoxMTIyNjIwMTY5ODkzNTE1XzEyMDA4MzU4MDUwOTM5NDg=,Unknown,Al-shubaili Hassan ููุฏุฑููุง,0,
1122620169893515,Y29tbWVudDoxMTIyNjIwMTY5ODkzNTE1XzY1NTYxMDIxNzM2MDU5Mw==,Unknown,ุงูุงุงุง ุดููู ุญุฌู ูุงุฐู,0,
1122620169893515,Y29tbWVudDoxMTIyNjIwMTY5ODkzNTE1XzY5NDIxMDI1OTk1NjA3OA==,Unknown,ุงููู ูุชููู ุงูุฌุงูุฑุฒ ุจุทู ุฏูุฑู ุงูุฃุจุทุงู ูู ุงูุฑุฌุงู ูุฐู ุงูุณูุฉ,0,
1122620169893515,Y29tbWVudDoxMTIyNjIwMTY5ODkzNTE1XzExNTY3ODQ2NTI5MTQ1NDE=,Unknown,ุนูุจุงู ุงูุฑุฌุงู,0,
1122590723229793,Y29tbWVudDoxMTIyNTkwNzIzMjI5NzkzXzEzMzQxMDAwMDEwMTAxNzA=,Unknown,"ุจุนุฏ ุงุฎุชุฑุงู ุนุฏุงุฏ ูุจูุฑ ุฌูุฏุง ูู ุงูุตูุญุงุช ุงูุฏููู ุจููุฏู ูู ุจูุฏุฌ ุงููุงู ุงูููุงูู ูุฑุฌู ุงูุฏุนู ูุงููุชุงุจุนุฉโค๏ธ
ุซู ุงูุตูุงู ุนูู ุงููุจู ๐",0,
1122590723229793,Y29tbWVudDoxMTIyNTkwNzIzMjI5NzkzXzEyMjI1NzkxMTYwOTA5ODY=,Unknown,ูููู ูุงู ู,0,
1122590723229793,Y29tbWVudDoxMTIyNTkwNzIzMjI5NzkzXzI0MDMxOTYyMjAwNDk5MDc=,Unknown,ุงุญูุฏ ุงูุดููู ๐คฃ๐คฃ๐คฃ๐คฃ๐คฃ,0,
1122590723229793,Y29tbWVudDoxMTIyNTkwNzIzMjI5NzkzXzY1NTcwMTY5NDAwNTczOQ==,Unknown,ุดูุงุทูู ุงูุถุญู,0,
1122590723229793,Y29tbWVudDoxMTIyNTkwNzIzMjI5NzkzXzEyMDU0Mjc1NDc5NTU4ODg=,Unknown,ุงูุฃููููุฏุงู ูู ุงูุณููุชูุฑู  ๐ฅโ๐ฅถ.๐ฅ,0,
1122589609896571,Y29tbWVudDoxMTIyNTg5NjA5ODk2NTcxXzE4Nzk4MjQxNDk0NDk1MDY=,Unknown,ุจุตุญุชูู ุงู ุดุงุก ุงููู ูุฏูู ูุงููุจ ูุญูุง ุงู ุดุงุก ุงููู ูุงุด ุฎุทุฑุฉ ููุฑุญู ๐๐ค๐งก,0,
1122589609896571,Y29tbWVudDoxMTIyNTg5NjA5ODk2NTcxXzE2OTc4Mjk4NzA4NDYwMDc=,Unknown,ูู๐ฉ๐ฟ๐ฉ๐ฟูุจุฑูู ุนูู ูุฑูู ููุถุฉ ุจุฑูุงู ูุฑูู ูุญุชุฑู ูุณุชูู ุงูููุฒ ุจูู ุฌุฏุงุฑุฉ ู ุฅุณุชุญูุงูุ ุฃูุง ุดุจุงุจ ูุณูุทููุฉ ูุตูู ููุตู ููุงุฆู ูุนุชุจุฑ ุฅูุฌุงุฒ. ุจุชูููู ูููุถุฉ ุจุฑูุงู ูููุงุฆู,0,
1122589609896571,Y29tbWVudDoxMTIyNTg5NjA5ODk2NTcxXzY5ODQ5ODI5MjU3NzQ4Mw==,Unknown,">  ูุดูุงุฑ ูุดุฑูู... ูู ุงูุชุญูุฉ ูุงูุชูุฏูุฑ ููุฌููุน ...ุงููุงุฏู ุงูุฑูุงุถู ุงููุณูุทููู ๐ ๐ค ุงุนุทู ุฏุฑุณ ูุฑููุง โฝ ูููุธุฉ ุงุจุฑูุงู ๐งก 
ุงูุฅูุตุงุก ูุงู ูู ููุงุก ุงูุฐูุงุจุ ููู ุงูุชุตูููุงุช ุงูุญุงุฑุฉ ูุงูุณููู ุงูุญุถุงุฑู ุงูุฑุงุฆุน ูุฌูููุฑ ูุณูุทููุฉ ูุคูุฏุงู ูุฏู ูุนูู ูุฑูููู.
ุตูุฑุฉ ูุดุฑููุฉ ูุชููู ุฃู ูุฑุงูุง ูู ุฌููุน ููุงุนุจูุง. 

ุฃูู ูุจุฑูู ููุฑูู ููุถุฉ ุจุฑูุงู ุงููุบุฑุจู ุงูุดููู ๐๐งก๐งก",0,
1122589609896571,Y29tbWVudDoxMTIyNTg5NjA5ODk2NTcxXzEzNjIwODc0ODUwMjY4MTU=,Unknown,ุงูู ูุจุฑูู ููุฃุดูุงุก๐ฉ๐ฟ๐ฒ๐ฆ,0,
1122589609896571,Y29tbWVudDoxMTIyNTg5NjA5ODk2NTcxXzE5NzQ4NzM5NTY1ODQ0OTI=,Unknown,ุฃุจูุงู ุงููุชูุฉ ูุบุงุฏูุด ูุนุฌุจูู ุงูุญุงู.ุฑูุญ ุฑูุงุถูุฉ ุนุงููุฉ ุจูู ุงููุฑูููู ุญุถ ุณุนูุฏ ููุฑูู ููุถุฉ ุจุฑูุงู ูุญุถ ุณุนูุฏ ููุฑูู ุดุจุงุจ ูุณูุทููุฉ,0,
1122589609896571,Y29tbWVudDoxMTIyNTg5NjA5ODk2NTcxXzE2ODk0Nzk0Nzg2MjY3ODA=,Unknown,ุฃูุซุฑ ุญุงุฌุฉ ูุฑุญุชูู ููุบุฑุจูุฉ ูู ุงูุฑูุญ ุงูุฑูุงุถูุฉ ุฏูุงู ุฎูุชูุง ูุฌูุฑุงููุง ุงูุฌุฒุงุฆุฑููู ูุงููุดุงุนุฑ ุงูุฃุฎููุฉ ุจูู ุงููุฑูููู ูุงูููู ุงูู ุจูู ูููุจูุง ูุงุจุนุฏ ุนูุง ุดุฑ ุงููุชู ูุง ุธูุฑ ูููุง ู ูุง ุจุทู,0,
1122589609896571,Y29tbWVudDoxMTIyNTg5NjA5ODk2NTcxXzEyMzE4ODk4MDE3OTQyNjA=,Unknown,"ูุจุฑููููู ูููุถุฉ ุจุฑูุงู๐๐๐๐๐๐ ูุงู ุดุงุก ุงููู ุงูููุฒ ูู ุงูููุงุฆู 
ูุญุธ ุงููุฑ ููุงุฏู ูุณูุทููุฉ",0,
1122589609896571,Y29tbWVudDoxMTIyNTg5NjA5ODk2NTcxXzIxMjc0NTY3NzQzOTY0OTA=,Unknown,ูุฐู ูุณูุทููุฉ  ูุงุฒู ูุชุตูู ูู ุฃุญุณู ุงูุฃูุฏุงู ุงูุชู ูุง ูุงุฆุฏุฉ ูููุง ููู,0,
1122589609896571,Y29tbWVudDoxMTIyNTg5NjA5ODk2NTcxXzE4Njc2ODExMDczMjkzOTQ=,Unknown,ุฌููู ุฌุฏุง ุงู ูุดุงูุฏ ุชุนูููุงุช ุทูุจุฉ ุจูู ุงููุฑูููู ููููุฆ ุงููุฑูู ุงููุบุฑุจู ูู ุงูุฌุฒุงุฆุฑ,0,
1122589609896571,Y29tbWVudDoxMTIyNTg5NjA5ODk2NTcxXzExOTkyMjUyNzE5MDE2ODQ=,Unknown,ูุงุฏู ูุณูุทููุฉ ๐ฉ๐ฟโคโ๐ฅ๐ ูุตููู ููุตู ููุงุฆู ุฅูุฌุงุฒ ูุจูุฑ ุฃูู ูุดุงุฑูุฉ ูู ููุงู ุจุชูููู ูู .,0,
1122589609896571,Y29tbWVudDoxMTIyNTg5NjA5ODk2NTcxXzM5MDIzODA0MTY3NDA0Nzc=,Unknown,"ูุจุฑูู ุชุฃูู ูููุถุฉ ุจุฑูุงู  ูููุงุฆู ููุชููู  ุงู ุดุงุก ุงููู ุงูุชุชููุฌ ุจุงูููุจ๐งก๐๐งก  
ูุจุชูููู ูุฌููุน ุงุจูุงุก ุงููุทู ุงูููุง ูุงูู ูุฏููุง ูุบุฑุจ ๐ฒ๐ฆโฅ๏ธ๐ฒ๐ฆ",0,
1122589609896571,Y29tbWVudDoxMTIyNTg5NjA5ODk2NTcxXzEzOTMxMTMwODIxNDA2OTA=,Unknown,ุชุญูุงุชู ุงููุจูุฑุฉ ูุฌูููุฑ ูุณูุทููุฉ ููุฏุง ุชููู ุงููุญุจุฉ  ูุงูุงุซุฑ ุงูุทูุจ ุงูุฏู ูุจูู ุฎุงูุฏุง ูุฎูุฏู ุงูุชุงุฑูุฎ..ุงุซุจุซู ุนูู ุทูุจุฉ ูููุจูู ูุชุดุฌูุนูู ุงูุญุถุงุฑู.ููุบุฑุจู ุงูุง ุชูุงุฌุฃุช  ูู ูุฏุง ุงูุฑูู ุฑุบู ุงููุฒููุฉ ุงูุฌููุน ูุตูู ููุฑููู ููุฏุงูู ููุฎุตู.โค๏ธ,0,
1122589609896571,Y29tbWVudDoxMTIyNTg5NjA5ODk2NTcxXzkzNDE1NjM5MDI2MDg1MTQ=,Unknown,ูุจุฑูู ูุฎุฑ ูููููุง  ุงูุญุจูุจุฉ,0,
1122589609896571,Y29tbWVudDoxMTIyNTg5NjA5ODk2NTcxXzE1NzIzNzY0MzAxMjU3Mjk=,Unknown,ูุจุฑูู ูููุบุฑุจ ูุญุธ ุณุนูุฏ ููุณูุทููุฉ ูุนูุง ูุฑูู ูุญุชุฑู ุฌุฏุง,0,
1122589609896571,Y29tbWVudDoxMTIyNTg5NjA5ODk2NTcxXzEzNDcxMjc2ODk4Mzg0NTQ=,Unknown,ูุจุฑูู ุจุฑูุงู ุจุงูุชูููู ูุงุฏู ูุณูุทููุฉ ุงูุนุงู ุงูุฌุงู ุงูุดุงุก ุงููู,0,
1122589609896571,Y29tbWVudDoxMTIyNTg5NjA5ODk2NTcxXzkwOTgyNjk0MjY5NDQ5OTU=,Unknown,ุดูุฑุง ุฌุฒููุง ูููุณุคูููู ูุงุฏู ูุณุทูุทููุฉ ุนูู ุญูุงูุฉ ุงูุงุณุชูุจุงู ุงููุบุฑุจ ๐ฒ๐ฆ ุฏุงุฆูุง ุณุจุงู ูู ุฎูู ุฃุฌูุงุก ูุณูุฏูุง ุงูุงุญุชุฑุงู ู ุงูุชูุฏูุฑ ุดูุฑุง ุจุฒุงู,0,
1122589609896571,Y29tbWVudDoxMTIyNTg5NjA5ODk2NTcxXzEwMjczMDI0NzU0OTk4MjU=,Unknown,ูุจุฑูู ููุถุฉ ุจุฑูุงู ๐๐งก,0,
1122589609896571,Y29tbWVudDoxMTIyNTg5NjA5ODk2NTcxXzU0Njc5NDE4ODQ3MzU5OA==,Unknown,ุญูุฑููุง ููุฑุงุฑูุฉ ุงุฎูุงูู ๐ช๐ฒ๐ฆ๐ฒ๐ฆ๐ฒ๐ฆ,0,
1122589609896571,Y29tbWVudDoxMTIyNTg5NjA5ODk2NTcxXzI2ODM4OTg3ODIwMDExMzc=,Unknown,ูู ุงููุบุฑุจ ๐ฒ๐ฆ ุงูู ูุจุฑูู ูููุถุฉ ุจุฑูุงู ููุงุฑุฏูู ูููุงุฏุฏู ุงููุณูุทููู ุญุธ ุฃููุฑ ูู ุงูุงุณุชุญูุงูุงุช ุงููุงุฏูุฉ ุงู ุดุงุก ุงููู ูุงููุงุฆุฒ ุงูุฃูุจุฑ ูู ุงูุฑูุญ ุงูุฑูุงุถูุฉ ูุงูุฃุฎููุฉ ุงูุชู ุณุงุฏุช ููุชุง ุงูููุงุจูุชูู ๐ฉ๐ฟ โฅ ๐ฒ๐ฆ,0,
1122589609896571,Y29tbWVudDoxMTIyNTg5NjA5ODk2NTcxXzEyMTc1Mjk0Nzk4NDE3NTU=,Unknown,ุชุญูุงุชู ูุงุณ ููุณุทููุฉ ูุงุณ ููุงุญ ุงููู ูุจุงุฑู ุฑุฌููุฉ โ๐,0,
1122589609896571,Y29tbWVudDoxMTIyNTg5NjA5ODk2NTcxXzEzODY0MTgyNDU4MTc2OTY=,Unknown,ูุงุฑุจู ุชุตูุญ ุฎุงูุฉ ุงููุบุฑุจ ู ุงูุฌุฒุงุฆุฑ ู ุชุฏูู ุงููุญุจุฉ ุจููุงุชูู ูุงุฑุจ.. ุงููู ููุฏู ูุง ุฎูู,0,
1122589609896571,Y29tbWVudDoxMTIyNTg5NjA5ODk2NTcxXzM4NTA1MTEwODE5MjU4NTU=,Unknown,Congratulations for both teams  and ๐ฒ๐ฆ Team of Morocco ๐ to the  finals ๐ ๐ฅณ,0,
1122589609896571,Y29tbWVudDoxMTIyNTg5NjA5ODk2NTcxXzIyMTQ3MDI1NTU2NTkxNTc=,Unknown,"ูุจุฑูู ูููุฑูู ุงููุบุฑุจู ูุญุธ ุงููุฑ  ูููุฑูู ุงูุฌุฒุงุฆุฑู 
๐ฅ๐ฅููุฐุง ูุญู ุงูุฌุฒุงุฆุฑููู๐ฉ๐ฟ๐ 

ุงููุฏ ุจุงููุฏ ู ุงูุตุฏ ุจุงูุตุฏ ููููุจูุง ุนุฒูุฒุฉ ูุง ุชุณูุฑ ูู ุทุฑูู ุงูุฐู .....
ูู ุงุณุชุบูู ููุญู ุนูู ุฃุบูู ุููู ุจูู ููุญู ูู ุฃุจูู ุ ููู ูุงู ููุง ุณููุงู ููุง ูู ูุทูุงู""
ูุญูู ูุง ูุทุฑูู ุงูุฃุจูุงุจ ุงูุชู ุฃุบููุช ูู ูุฌูููุง ุ ููุง ูุทูุจ ููู ุฅุณุชุฏุงุฑ ุฃู ููุชูุช ููุง.
ูุญู ุจุณุทุงุก ูุคูู ุจูุงูุนูููุฉ ูุงูููุงุก ุ 
ู ููููุง ุฃุนุฒุงุก ูู ูููุณูุง ูุฏุฑููู ููููุงูุชููุง. 
ููู ุฅุณุชุฏุงุฑ ููุง ุนูุฏุฉ ูู ููุง ุณูุงูุงู .
 ูุญู ูุง ููุฑุถ ูุฌูุฏููุง ุนูู ุฃุญุฏ  ุ 
ูุง ูููุต ุจุบูุงุจ ุฃุญุฏุ ููุง ูุฒูุฏ ุจูุฌูุฏ ุฃุญุฏ 
ููุณู ูู ูุณูุ ููุณุนุฏ ุจูู ุจูู..!!

ูุนู ููุฐุง ูุญู ๐ฉ๐ฟ๐๐ช",0,
1122589609896571,Y29tbWVudDoxMTIyNTg5NjA5ODk2NTcxXzI2NzgzODAzMTkwMjgxNTg=,Unknown,ูู ูุณูุทููู ูู ุงูุชูููู ูููุถุฉ ุจุฑูุงู ูุงู ุดุงุก ุงููู ุงูููุฒ ุจุงููุฃุณ ุฎุงูุฉ ุฎุงูุฉ ๐ฉ๐ฟโค๏ธ๐ฒ๐ฆ,0,
1122589609896571,Y29tbWVudDoxMTIyNTg5NjA5ODk2NTcxXzk3NDU4MDk5MTE1MjM4OA==,Unknown,ุจุฑูุงู ุฎูุงููู ุจุณุฌูู ูุฏู ุงูุดุฑู ููุงุจุบุงูุด ูุญุฑุฌููู ูุณุท ุจูุงุฏูู ุฎุงุตุฉ ููู ุฏุงุฑูููู ุงุณุชูุจุงู ุฒููู ู ุทุงููุง ุฃููู ุถุงูููู ุงูุชุฃูู ุจูุงุด ูุงูุชุนุจู ุฑุงุณูู ููุชุนุฑุถู ููุฅุตุงุจุฉ ูุงููููุงู ููุณุชูุงูู,0,
1122589609896571,Y29tbWVudDoxMTIyNTg5NjA5ODk2NTcxXzEzNDM0Mzk4NzAyNjMyNjM=,Unknown,ุฃุฌูู ุดูุก ูู ุงูููุงุก ุงูุฑูุญ ุงูุฑูุงุถูุฉ ู ุงูุฅุญุชุฑุงู ูุงูุชูุฏูุฑุ ุฑุจู ููุฏู ุงูุฌููุน,0,
1122589609896571,Y29tbWVudDoxMTIyNTg5NjA5ODk2NTcxXzUyNzMxMjA5MDQ1Mzg4OQ==,Unknown,ุชูุงุฒูู ุนู ุงูุตุญุฑุงุก ููุตูู ูุนุจ ูุจุงุฑุงุฉ .ูุง ูุฌูุฏ ููุฑุฌููุฉ ูุงููุจุงุฏุฆ ุนูุฏูุง ูุญู ุงููุบุงุฑุจุฉ ๐ฒ๐ฆ๐ฅ,0,
1122589609896571,Y29tbWVudDoxMTIyNTg5NjA5ODk2NTcxXzE4NzIwMjk4MjAyMTAyMDE=,Unknown,ูู ูุบุฑุจู ๐ฒ๐ฆูุจุฑูู ุจุฑูุงู ุ  ู ุจุงูุชูููู ููุณูุทููุฉ ุงูุฌุฒุงุฆุฑู ุ,0,
1122589609896571,Y29tbWVudDoxMTIyNTg5NjA5ODk2NTcxXzEyMzk0MDk2ODQ0MTYwODU=,Unknown,"ุงููุงู ุดุบู ูุฅุณุทูุงูุฉ ุฅุญูุง ุฑุฌุงูุฉ ููุงููุนุจุด ุฅูุง ูุงูุฎุฑูุทุฉ ูุนุงูุง ููุงุจูุณูุฑุด ุฅูุง ูู ุงูุฎุทูุท ุงูุฌููุฉ ุงููุบุฑุจูุฉ ุุฑุงุญุช ููู๐ฒ๐ฆ๐คฃ.
ูููุงููู ูู ุงูุงูู ูุงุจูุงุด ุงูุญุฑูุงุช ุฏู ุงูุงู ุงูุฌุฒุงุฆุฑููู๐ฉ๐ฟ ุูููุชู ุงููุงุฑุฉ ูููุง ูุณููุงุช ุจุงูุฎุฑูุทุฉ ูุงูู ูุงุงููุนุชูู ุงููุฑุนุฉ ูุน ูุงุฏู ุฌุฒุงุฆุฑู ูุฒุน ูููู ุงูุฎุฑูุทุฉ..ุงุตู ุงูุฑุฌููุฉ ุนูุฏูุง ูุงุณูุง ูุงูุชู ูุงููููุด ูููุง..ูุฎุฑุจูุช ุจุฑูุฏุฉ ุฏููู ุจุงูุจุณุงุทุฉ ุฏู ุงูููุจุชูู 90 ุฏุฑุฌุฉ ููู ุงูููุงุต ุจุชุงุนูู ..ุงูู ุงูุฌุฒุงุฆุฑ ูุงูุช ูููุฉ ูุญุฏุฉ ุจุณ ูุงููุด ุฎุฑูุทุฉ ุงูุงููุง ุนุงูุฒูู ุชูุนุจู ูุฑุฉ ุจุนูุฏ ุนู ุณูุงุณุฉ ุงูุฒุนููุง ูุงุชูุถูู ุชูุนุจู ูุด ุญุชูุฒุนููุง ูุงููุด ูุนุจ ููู ุงูุงุฎูุฑ ููุงู ุงูุฌุฒุงุฆุฑููู ูู ูู ููุดู.ุงุตู ุงูุฌุฒุงุฆุฑ ูุฏุฑุณุฉ ูุงุนุงุฏุฉ ุงูุชุฑุจูุฉ",0,
1122589609896571,Y29tbWVudDoxMTIyNTg5NjA5ODk2NTcxXzEzOTE0MDM0NTU2MTQ5ODI=,Unknown,"ูุฌููุง ูู ุฎุณุงุฑุฉ ุซูููุฉ ูููุง ุชุงูู ุญุงุฑุณูุง .
ูุณูุทููุฉ ูุงู ุงูุถู ููุง ๐ฉ๐ฟ๐ฒ๐ฆ",0,
1122589609896571,Y29tbWVudDoxMTIyNTg5NjA5ODk2NTcxXzEwMDQ0MjExMzgzMzEyODI=,Unknown,ูุจุฑููุ ุจุฑุงูู ๐๐ฒ๐ฆโค๏ธ๐ฉ๐ฟ,0,
1122589609896571,Y29tbWVudDoxMTIyNTg5NjA5ODk2NTcxXzcwMTk0MTIwNTUwODg5Ng==,Unknown,"ูู ูุตุฑ ุฅูู ุงููุบุฑุจ โค๏ธ
100 ููููู ูุจุฑูู ููุงุฏู ููุถุฉ ุจุฑูุงู  ุงูุชุฃูู ููููุงุฆู ๐",0,
1122589609896571,Y29tbWVudDoxMTIyNTg5NjA5ODk2NTcxXzY4MTgwMjUwNDI1NTI4OQ==,Unknown,ูุจุฑูู ุนูููู ุจุงูุชูููู ุงูุดุงุก ุงููู ๐ฉ๐ฟ,0,
1122589609896571,Y29tbWVudDoxMTIyNTg5NjA5ODk2NTcxXzE0NzcxNjczMzY5OTY3Mzc=,Unknown,ุงูู ูุจุฑูู ูููุฑูู ุงููุบุฑุจู ู ุจุงูุชูููู ุงู ุดุงุก ุงููู,0,
1122589609896571,Y29tbWVudDoxMTIyNTg5NjA5ODk2NTcxXzEzNTQzNDQ0OTkwMTkxMDU=,Unknown,ุงูููู ุงูุฎุจุฑุฉ ูุงูุช ูู ููุงุฌูุฉ ุงูููุงูุฉ ูููู ุงูุฑูุญ ุงูุฑูุงุถูุฉ ูุงูุช ูู ุงูููุชุตุฑุฉ ุฃู ุดุงุก ุงููู ุงููุฃุณ ูุบุฑุจูุฉ ุญุธ ูููู ููุณูุทููุฉ ูู ุงูููุงุนูุฏ ุงููุงุฏูุฉ,0,
1122589609896571,Y29tbWVudDoxMTIyNTg5NjA5ODk2NTcxXzE2MTI1MzQyMzYxMTYxMDE=,Unknown,ุชุญูุฉ ููู ุงูุฌูุงููุฑ ุงูุบููุฑุฉ ููุฑูู ูุณูุทููุฉ ุงูุชู ุญุถุฑุช ุงูููุงุจูุฉ ูุจููุฉ ู ุงูุชู ุฌูุนุช ูุฑูููุง ุจุงููุฑูู ุงูุจุฑูุงูู ุงููุบุฑุจู ููุฐูู ุงูุญูุงูุฉ ูุงูุงุณุชูุจุงู ูุงูุถูุงูุฉ ุงูุชู ูุงูุช ุจูุง ุงุชุฌุงู ุงูุฒูุงุฑ ุงููุบุงุฑุจุฉ ุชุนุจูุฑุง ุนูู ุงูุฃุฎูุฉ ูุงูุนุฑูุจุฉ ูุงูุงุณูุงู ููุฐุง ุงูุฌูุฑุฉ ุงูุชู ุชุฌูุน ุจูู ุงูุจูุฏูู ูุงูุดุนุจูู..ูู ูุงุญูุฉ ูุฌุฑู ุงูููุงุจูุฉ ุงูุชู ุฏุงุฑุช ุจูู ุงููุฑูููู ุญูุง ูุนููุฏ ุนูููุง ุจูุชุงููุชูุง ููุฏูุชูุง ููุฑุฌุชูุง ููุนุจูุง ุงููููุฒ ..ููุฏ ุชููุนูุง ูู ุฌูุชูู ุตุฑุงุญุฉ ุงููุงููุง ุงูุฌูุงููุฑ ุงููุณูุทูููุฉ ุงูุบููุฑุฉ ุงูุญูุงุณูุฉ ุงูุชู ูุงูุช ุชุชุงุจุน ูุชุดุฌุน ูุฑูููุง ุจุงููุฏุฑุฌุงุช..  ูุงูุซุงููุฉ ูุงูุช ุนูู ุงููุณุชุทูู ุงูุงุฎุถุฑ..ูุงูุช ุงูููุงุจูุฉ ุญูุงุณูุฉ ุญุณุจ ุฎุทุฉ ุงููุฏุฑุจ ููุฑูู ูุณูุทููุฉ ุงููุฏุฑูุณุฉ ูุฌูููุฉ ูุญุถุฉ ูุงุกุฉ ุจุงููุงุกุฉ ุจุฐูู ุชููู ุงููุฑูู ุงููุณุชูุจู ูููุตูู ุนุฏุฉ ูุฑุงุช ููุฑูู ุงูุฎุตู ุงูุฒุงุกุฑ ูุงุณุชุทุงุน ุชุณุฌูู ุฅุตุงุจุฉ ุงูููุฒ ุจุถุฑุจุฉ ุฑุงุณูุฉ ููุชุงุฒุฉ ูุฑุงุกุนุฉ  ูููุฑูุฒุฉ ูู ุชุชุฑู ุงู ุญุธ ููุญุงุฑุณ ุงูุจุฑูุงูู.. ุฃูุง ุงููุฑูู ุงูุจุฑูุงูู ุงููุบุฑุจู ููุฏ ุงูุชูู ุจุชูุฑููู ุฅูู ุงูุฏูุงุน ุทููุฉ ุดูุทู ุงูููุงุจูุฉ ููููุง ูุง ููุง ูุฑุงู ูุตู ุฅูู ูุนุณูุฑ ุงููุฑูู ุงูุฎุตู ููุงูุช ุฃูุถุง ูุญุชุดูุฉ ููุฏ ูุงู ุจููุงุจูุฉ ุชุงูุชูููุฉ ุฅุฐ ุฃุฑุฏูุง ุงู ูููู ููุญูุงุธ ุนูู ุนุฏุฏ ุงูุงุตุงุจุงุช ุงููุณุฌูุฉ ุจููุนุจู  ..ุญุชู ูุง ููุณู ุงูุชุญููู ูุงู ุฑูุนุฉ ุจูู ุงูููุงููุณ ุชุญูุฉ ูู ูุงุฌูุงูุง ููุฐูู ุฑุฌุงู ุงูุงูู ุชุญูุงุชูุง ูุชูุฏูุฑูุง ููู ูุดูุฑุง ุฌุฒููุง ูุฐูู ุนูู ุงูุญูุงูุฉ ูุญุณู ุงูุงุณุชูุจุงู ุงูุชู ูุงู ุจูุง ุงุฎูุงููุง ุงูุฌุฒุงุกุฑููู ุงุชุฌุงู ุฅุฎูุงููู ุงููุบุงุฑุจุฉ..ูุจุงููุฌุงุญ ูุงูุชูููู ูุงููุฒูุฏ ูู ุงูุชุงููุงุช ูููุฑูู ุงููุณูุทููู ูู ุญูุงุชู ุงููุฑููุฉ.,0,
1122589609896571,Y29tbWVudDoxMTIyNTg5NjA5ODk2NTcxXzE3MTc0NzIwMjIyMDk2MDQ=,Unknown,ุงูุฃุฌูุงุก ูู ูููุงุช ูููู ูุจุงุฑุงุฉ ููุถุฉ ุจุฑูุงู ู ูุณูุทููุฉ ุฃุฌูุงุก ุฑุงุฆุนุฉ ูุฃุฎููุฉ ููุงุฏุดู ูู ุจุบููุง ูุจูุงู ูุดููู ูุงููุงุชุดุงุช ุฏูุงู ุงูุฅุฎูุฉ ุงููุบุงุฑุจุฉ ูุงูุฌุฒุงุฆุฑููู ๐โค๏ธ๐ฒ๐ฆ ๐ฉ๐ฟ,0,
1122589609896571,Y29tbWVudDoxMTIyNTg5NjA5ODk2NTcxXzQwMzM1MDcxMDM1OTM4NTM=,Unknown,ูุจุฑูู ุจุฑูุงู ุงูุนุฒ ๐ฒ๐ฆ,0,
1122589609896571,Y29tbWVudDoxMTIyNTg5NjA5ODk2NTcxXzEwNDA2NzQzNjQ2MjI5NDk=,Unknown,ุณุจุญุงู ุงููู ู ุจุญูุฏู ุณุจุญุงู ุงููู ุงูุนุธูู,0,
1122589609896571,Y29tbWVudDoxMTIyNTg5NjA5ODk2NTcxXzEyMzk3NTg4MDExNDA2MzQ=,Unknown,"ูุฑู ูุจูุฑ ุจูู ุงููุฑุฉ ุงููุบุฑุจูุฉ ู ุงูุฌุฒุงุฆุฑูุฉ

ูุงูุฌูุด ูุง ุชูุชููุง",0,
1122589609896571,Y29tbWVudDoxMTIyNTg5NjA5ODk2NTcxXzk5MzU1MDI1NzMxNjY4ODg=,Unknown,ุงูู ุงูู ูุจุฑูู ููู ุงูุฃุดูุงุก ุงููุบุงุฑุจู,0,
1122589609896571,Y29tbWVudDoxMTIyNTg5NjA5ODk2NTcxXzE4MTA4NDMyMjMwMzAwOTY=,Unknown,ูู ููุท ููุงุจูุฉ ูููุง ูุงุฆุฒ ู ูููุฒู ูุชุจูู ุงูุฑูุญ ุงูุฑูุงุถูุฉ ูุงูุงุฎูุฉ ุงูุญุจู ุงููุชูู ุจูู ุงูุดุนุจูู ุงูุดููููู ....,0,
1122589609896571,Y29tbWVudDoxMTIyNTg5NjA5ODk2NTcxXzEwMDM5MzY4MTE0NTIwNjA=,Unknown,ุงูู ูุจุฑููู ุนูู ุจุฑูุงู ๐ฒ๐ฆ ุงูุญุถ ุงููุฑ ูุณูุทููุฉ ุงูููุณู ุงููุงุฏู ุฅู ุดุงุกุงููู ๐ฉ๐ฟ,0,
1122589609896571,Y29tbWVudDoxMTIyNTg5NjA5ODk2NTcxXzE4ODE2NjY0NzkwOTA0NjI=,Unknown,ูุจุฑูู ุนูููุง ุงููููุงู ๐ฒ๐ฆ๐งก ุฏููุง ุจุฑูุงู,0,
1122589609896571,Y29tbWVudDoxMTIyNTg5NjA5ODk2NTcxXzEwMDg2MDI3OTA5MzE0Nzg=,Unknown,ูู ุงููุบุฑุจ ๐ฒ๐ฆ ุชุญูุง ูุฌูููุฑ ูุณุทูุทููุฉ ุงููุญุชุฑู ุชูููู ููู ุงู ุดุงุก ุงููู ุงูุนุงู ุงูููุจู,0,
1122589609896571,Y29tbWVudDoxMTIyNTg5NjA5ODk2NTcxXzE0MDEwNjA3MTc5Nzc3MjY=,Unknown,ููููู ููุตู ุงูููููู ูุจุฑูููู ููุถุฉ ุจุฑูุงู ุนูุจุฉ ุงูููุจโฆ๐ฒ๐ฆโฉโฆโค๏ธโฉ๐งก,0,
1122589609896571,Y29tbWVudDoxMTIyNTg5NjA5ODk2NTcxXzEzNjg5NDQ0Mjc1MjI0MTY=,Unknown,ุฑุบู ุงูุญูุงุฒ ุงูุญูู ูุดุจุงุจ ูุณุชูุทููุฉ ููุตูุฑ ุนูู ุงุฎุทุงุก ููุฏุงูุง ูุฌุงููุฉ ููุณุงุนุฏ ูุณุชูุทููุฉ ุงูุชููุณูุฉ ุงูุงุตู ููู ูู ุฎุทุทู ุจุงุกุช ุจุงููุดู,0,
1122589609896571,Y29tbWVudDoxMTIyNTg5NjA5ODk2NTcxXzEyMjIxMTM0MTI4MzQ1MzU=,Unknown,ูููุจ ุจุฑูุงูู  ๐งก๐๐ฒ๐ฆ,0,
1122589609896571,Y29tbWVudDoxMTIyNTg5NjA5ODk2NTcxXzY5MzAzNzYwNjQzNzY0Mg==,Unknown,ุงูุง ูุตูู ุฌุฑุงููู ูุฏู ุงูุดุบูุงูู ุงููุญูุฏู ุงููู ุจุนุฑู ุงุนูููุง .. ููุญุชุงุฌ ุฏุนููู ูุฑุฃููู .. ููุงุฑูุช ุงูุฑุฏ ูููู ูุดุฌุน .. ูููุจุฎูุด ุนููุง ุจูุงูู .. ูุงู ุญูู ุญูุงุชู ุดุบูู ูุชุนุฑู ูุดูุฑุง .,0,
1122589609896571,Y29tbWVudDoxMTIyNTg5NjA5ODk2NTcxXzk4NDUwNTk3MjU1ODM3NzE=,Unknown,ุงุญุณู ุดูุก ูู ุงููุงุชุด ุงูุฑูุญ ุงูุฑูุงุถูุฉ,0,
1122588789896653,Y29tbWVudDoxMTIyNTg4Nzg5ODk2NjUzXzY5MjEwNjMzOTk3NTAxOA==,Unknown,ุดุฏ ุญููู ูุง ุณูุชู ุงุจุทุงู ุฃูุฑูุจุง ูุชุฑูุญ ููู,0,
1122588789896653,Y29tbWVudDoxMTIyNTg4Nzg5ODk2NjUzXzk2ODcyODg1NTA5MTY2NQ==,Unknown,ุนูุฏุฉ ุงููุจูุฑ ูุงูุญุฐุฑ ูุง ุงูุฑุจุงุง.!!!,0,
1122588789896653,Y29tbWVudDoxMTIyNTg4Nzg5ODk2NjUzXzE4NTkzMTc1OTQ5MDU0NjM=,Unknown,ุงูู ูุจุฑูู ููุนุดู ูุงูุดุณุชุฑ ุณูุชู ๐ฉต๐ฉต๐ช,0,
1122588789896653,Y29tbWVudDoxMTIyNTg4Nzg5ODk2NjUzXzcyNjc1MzI1NjM0MjcyMA==,Unknown,ุงูู ูุจุฑูู ููุฒ ูุงูุดุณุชุฑ ุณูุชู,0,
1122588789896653,Y29tbWVudDoxMTIyNTg4Nzg5ODk2NjUzXzY3OTU0ODA1NDQ4NzM2Mw==,Unknown,ูู ุนุงูุฒ ุชุนุฑู ุจุงุณูุฑุฏ ุฃู ุดุจูุฉ ูุงู ูุงู wifi ูุชุณุฑู ูููุง ูุช & ุงูุชุญ ุฌูุฌู ูุงูุชุจ ูู ุงูุจุญุซ 44kk  ูุชุฏุฎู ุงูู ูููุน ูุธูุฑูู ูู ุงูุจุญุซ & ูุชุญุท ุงุณู ุงูุดุจูุฉ ููุธูุฑูู ุงูุจุงุณูุฑุฏ,0,
1122588789896653,Y29tbWVudDoxMTIyNTg4Nzg5ODk2NjUzXzY5ODQ2Mzc2NjA4NTQ0MA==,Unknown,ุนูุฑ ูุฑููุด,0,
1122588789896653,Y29tbWVudDoxMTIyNTg4Nzg5ODk2NjUzXzcwODA4NjgwODM0MDQ0MQ==,Unknown,ุญุฑุงูุงุช ุบูุงุฑุฏูููุง ุถูุน ุงูุฏูุฑู ุงูุณุชู ููุฑุถ ููุง ูููุช,0,
1122588789896653,Y29tbWVudDoxMTIyNTg4Nzg5ODk2NjUzXzY4NjEzOTMzMDgwMzQ4Mg==,Unknown,ุฃูุฏุงู ุงููุจุงุฑุงุฉ ุจุงูุณุชูุฑู ๐ฅโฝ๏ธ๐ฅโ,0,
1122588789896653,Y29tbWVudDoxMTIyNTg4Nzg5ODk2NjUzXzExOTc0MzAyNDg1ODU1NjE=,Unknown,ุงูู ุงูู ูุจุฑูู,0,
1122588789896653,Y29tbWVudDoxMTIyNTg4Nzg5ODk2NjUzXzEyNDU4MDc3MjM4MDUyMTI=,Unknown,ุงูู ูุจุงุฑู ููุณุชู ุณูุฒ ๐ฉต๐ฉต,0,
1122588789896653,Y29tbWVudDoxMTIyNTg4Nzg5ODk2NjUzXzE0MTU4OTM4MjI3NTcxOTE=,Unknown,ุตุจุงุญ ุงูุฎูุฑ ูุงูู ููุชู,0,
1122588789896653,Y29tbWVudDoxMTIyNTg4Nzg5ODk2NjUzXzEyNDM1MDgzNDA3Mjk0MjI=,Unknown,ุชู,0,
1122588789896653,Y29tbWVudDoxMTIyNTg4Nzg5ODk2NjUzXzU0MzAyNzkwMTg5OTY2OA==,Unknown,๐๐๐ค,0,
1122588789896653,Y29tbWVudDoxMTIyNTg4Nzg5ODk2NjUzXzEwMDE1ODIzMTIwODQ1MjE=,Unknown,๐ซ๐ซ๐,0,
1121866729968859,Y29tbWVudDoxMTIxODY2NzI5OTY4ODU5XzEwMDQzOTQzODg1NjE3Njk0,Unknown,"ุฌุงูุจ ุงุฎุจุงุฑ ูููู ูุฑูู ูุงููุตุฑ ุงูุณุนูุฏู.... 
ููุงูุช ูุจุงุฑุงุฉ ููุงุณููู ุฃูู ุงูุฃุฏูู ุงูุง ูุง ุงุฑุงูโค๏ธ๐๐",0,
1121866729968859,Y29tbWVudDoxMTIxODY2NzI5OTY4ODU5XzIwNjg0MDc2NjM2NTQ3ODQ=,Unknown,ููุณูุง ุจุงุฑุณุง โฅ๏ธ๐,0,
1121866729968859,Y29tbWVudDoxMTIxODY2NzI5OTY4ODU5XzEzNjU3Njc1MDE0MDMzMTU=,Unknown,ุงูุงุฏูู ุดููู ูู ุงูุฌูุงุนูุ ๐๐๐๐๐,0,
1121866729968859,Y29tbWVudDoxMTIxODY2NzI5OTY4ODU5XzEyOTcwODY1NTQ3MTgyNDk=,Unknown,"ุญุฏุง ูุฐูุฑูู ุจุจุฑุดูููุฉ  ุงูุนูู ูุนููููู ููุงุฎุจุฑ ุญุชู ุจุนุฏ ุณุงุนุฉ 
ูู ุงูุชูุงุก ุงููุจุงุฑุงุฉ",0,
1121866729968859,Y29tbWVudDoxMTIxODY2NzI5OTY4ODU5XzE4NDQ4NDgwNTYwODgzODY=,Unknown,ุงูุจุงุฑุณุง ุชุฑุจุญ ููุณุจุง ุจุงุฑุณุง,0,
1121866729968859,Y29tbWVudDoxMTIxODY2NzI5OTY4ODU5XzIzNjE0NDQ2OTQyMzg3NzI=,Unknown,"ุงูููู ูุชูุฌ ููู ุชูุดุฑูุง ุงุฎุจุงุฑุฉ 
ูุจุฑูููููู ุจุฑุดูููุฉ๐โค๐๐ฅ",0,
1121866729968859,Y29tbWVudDoxMTIxODY2NzI5OTY4ODU5Xzk5MTkzOTU2MzExMzI1Mg==,Unknown,"ูุงุถุญ ุฌุฏุง ุตุงุญุจ ุงูุตูุญุฉ ุฑูุงู 
ูุงููุด ุฎุจุฑ. ุนูู ูุจุงุฑุงุฉ ุงูููู ูุฃุณ ุงูููู ููููุจู",0,
1121866729968859,Y29tbWVudDoxMTIxODY2NzI5OTY4ODU5XzE4NzUwNDE4MjY1NjI5MTM=,Unknown,ุงูููู ุฃูุตุฑ ุฃุฎูุงููุง ูู ููุณุทูู ู ุบุฒุฉ,0,
1121866729968859,Y29tbWVudDoxMTIxODY2NzI5OTY4ODU5XzEyNDMzMjkxNTA0OTMzOTc=,Unknown,"ุงูู ูู  ุงุฎุจุงุฑ  ุชุชููุฌ ุจุฑุดูููุฉ ุจุงููุฃุณุุุ
ุดูู ุงูุตูุญุฉ ูุฏุฑูุฏูุฉ",0,
1121866729968859,Y29tbWVudDoxMTIxODY2NzI5OTY4ODU5XzMwNzkyNjAyMTg4OTgyNjI=,Unknown,ุงูุญูู ูุนู ุงููุณุชุญูู ููููุฒ ุงูุฑูุงู ููู ุงููุณุชุญูู ูู ููู ูุงููุง,0,
1121866729968859,Y29tbWVudDoxMTIxODY2NzI5OTY4ODU5Xzk4NzcyNDU5MDIyMTQ1Mg==,Unknown,ุงูุจุฑุณุง ูุฑุณู ุงูุฃุฏูู ููููู ุจุงูุฑุง ๐ถ,0,
1121866729968859,Y29tbWVudDoxMTIxODY2NzI5OTY4ODU5XzEwMTIwNDI3NDEwNjkwMjM=,Unknown,ุฑูุฏูุบุงุงุงุงุงุงุงุงุงุฑ ๐ฉ๐ฉ๐คฃ๐คฃ๐คฃ๐คฃ๐คฃ๐คฃ๐คฃ,0,
1121866729968859,Y29tbWVudDoxMTIxODY2NzI5OTY4ODU5XzEwNTEwMjE1MTAyNTMzMzc=,Unknown,ุงูุญูู ูุนู ุงููุชูุฑ ูุฅููุงุฐ ุฑูุงู ูุฏุฑูุฏ ูููู ูู ููู ูุงููุง,0,
1121866729968859,Y29tbWVudDoxMTIxODY2NzI5OTY4ODU5XzY3MzM1MjkwMjExODgyMw==,Unknown,ูุจุฑูู ุจุฑุดูููุฉโค๏ธ๐,0,
1121866729968859,Y29tbWVudDoxMTIxODY2NzI5OTY4ODU5XzcxNDgxNDI1Nzc0NzgyNg==,Unknown,ุฏููุง ุจุงุฑุตุง ูุงุงุงุงุงุงุง ุงูุจุงุฑุตุง ๐คฃ๐คฃ๐คฃ๐คฃ๐คฃ,0,
1121866729968859,Y29tbWVudDoxMTIxODY2NzI5OTY4ODU5XzE0NDQwMTg5MjAwOTA1NDA=,Unknown,"ููููููููููู ุฃููุง ุงูุฃุฏูู ูุดุฌุน ุฑูุงู ูุฏุฑูุฏ ููุงุฐุง ูู ุชูู ุจูุดุฑ ููุดูุฑ ูุชุนูู ุจูุชูุฌุฉ ููุงุจูุฉ ููุงุฆู ูุฃุณ ุงูููู ุงูููุงุณููู ุงูุฅุณุจุงูู ุจูู ุจุฑุดูููุฉ ูุฑูุงู ูุฏุฑูุฏ ููููู ููุงุฐุง ุุุุุุ ุงูุนุฐุงุงุงุงุจ ุงูููุณู ุงููู ูููู ูู ุนูู ูุดุฌุนู ุฑูุงู ูุฏุฑูุฏ ุญุงููู ูุฒุฑู ุงููุฒููุฉ ุงูุซุงูุชุฉ ุชูุงููุง ูู ุจุฑุดูููุฉ ๐โค๏ธ๐๐๐๐๐๐โ๐ฅ๐ช๐ปโ

VISCA BARรA VIVAAA LA VIDAAA ูููู ุฅุณุจุงููุง ูููู ูุฑุฉ ุงููุฏู ูู ุงูุนุงูู ๐๐ช๐ป๐๐ฅโค๏ธ๐",0,
1121866729968859,Y29tbWVudDoxMTIxODY2NzI5OTY4ODU5XzY1NDcxMjU4MDc5NjM5MA==,Unknown,ูู ูุฑู ุฃู ุจุฑุดูููุฉ  ุฃูุถู ูุฑูู ูู ุงูุนุงูู ูููุถุน ููุจุง ู ูุชุงุจุนูุง โค๏ธ,0,
1121866729968859,Y29tbWVudDoxMTIxODY2NzI5OTY4ODU5XzEwMjcwNTQ4MTI5MzMwNzc=,Unknown,ุจุฑุดูููุฉ ูุชูุฌ ุจูุฃุณ ุงูููู โค๏ธ๐,0,
1121866729968859,Y29tbWVudDoxMTIxODY2NzI5OTY4ODU5XzEzNTY5MDI3MjIyMjEzMDQ=,Unknown,ุญุณุจูุง ุงููู ูู ุงููุบุงุฑุจุฉ ๐ฒ๐ฆ ู ุฅุจุฑุงููู ุฏูุงุฒ โ๐ป๐ฉ๐ฟ๐ญ,0,
1121866729968859,Y29tbWVudDoxMTIxODY2NzI5OTY4ODU5Xzk5MDc5NTY0NjUxOTM0Mw==,Unknown,"ูุงุฒูุช ูุง ุงููู ูุงูู ูุดููุฉ 
ุงูุฃูุฏูุฉ ุงููุงุจุงููุฉ ูุน ุนุฑุจ ุงูุฎููุฌ
ูู ูู ูุดูู ุจุณูููููุฌู ุจุงูุฑุบู ุฃู ููุธููุฉ ูุฑุฉ ุงููุฏู ุงููุงุจุงููุฉ ูุงูุฏูุฑู ุงููุงุจุงูู ุฃููู ูุฃูุซุฑ ุงุญุชุฑุงููุฉ ุจุฃุถุนุงู ููููุง ูุง ุชุฒุงู ุชุนุงูู ูู ูุฒุงุฆู ูุงุชูุฉ ุฃูุงู ุฃูุฏูุฉ ุฃูู ูููุง ุชูุธููุง 
ุญุชู ูุน ุงุณุชูุฏุงู ุฃูุฏูุฉ ุงูุฎููุฌ ุจุนุถ ูุงุนุจู ุฃูุฑูุจุง ููู ุงูููุชุฑุถ ููุณ ูุงูู ูุฅููุงู ุงูุฃูุฏูุฉ ุงููุงุจุงููุฉ 
ุนูู ุงูุงุชุญุงุฏ ุงููุงุจุงูู ููุฑุฉ ุงููุฏู ุฃู ูุชุตุฑู ููุฑุง ูุงูุฌุงุฏ ุญู ููุฐู ุงููุนุธูุฉ ุงูุนููุตุฉ ููุฐู ุงูููุงุฑูุฉ 
ุงูุฏูุฑู ูุงูููุธููุฉ ุงูุฃููู ูุนูู ูู ุงูุฃุฌุฏุฑ ูุชุญููู ุงูุฃููุงุจ 
ูุฑุฉ ุงููุฏู ูู ุงูุฑุงุณ ูููุณ ูู ุงูุฏููุงุฑ",0,
1121866729968859,Y29tbWVudDoxMTIxODY2NzI5OTY4ODU5XzY4ODE2Njc4Mzg5ODQwNw==,Unknown,ูุงุถุญ ุฌุฏุง ุงู ูุฐู ุงูุตูุญุฉ ุชูุชูู ููุฏุฑูุฏ,0,
1121866729968859,Y29tbWVudDoxMTIxODY2NzI5OTY4ODU5XzE3MTY5NDU5NzI1OTA3NzY=,Unknown,"ูุงุฒูุช ุฃุซู ุซูุฉ ูุงููุฉ ุจุนูุฏุฉ ุงูุฃูุฏูุฉ ุงููุงุจุงููุฉ ุจุงูููุจ ุงููุงุฑู ูุฏูุฑู ุฃุจุทุงู ุขุณูุง ูููุฎุจุฉ 
ุงูุงู ูุชุจูู ูุงูุงุณุงูู ูุฑููุชุงูู ูู ุฑุญูุฉ ุงูุญุณู ูุงููุตูู ุฅูู ุฃู ูุจุงุฑุงุฉ ุงูููุงุฆู 
ูููู ุฃู ุชุณูุญ ุงูุฃูุฏูุฉ ุงููุงุจุงููุฉ ุจูุฌูุฏ ูุงุฏู ูุงุญุฏ ูู ุงููุฑุจุน ุงูุฐูุจู ููู ุฅูุงูุฉ ููุฏูุฑู ุงููุงุจุงูู ุงูููุชุงุฒ ููุฌุจ ุนูู ุงูุงุชุญุงุฏ ุงููุงุจุงูู ููุฑุฉ ุงููุฏู ุฃู ูุฑุงุฌุน ููุณู",0,
1121866729968859,Y29tbWVudDoxMTIxODY2NzI5OTY4ODU5XzcwOTg2MDQ0NDg5NzkzOA==,Unknown,ุตูุญุฉ ููุงููุฉ ุจุงุชู ูุนูู ุงููููุฉ ูุญุฏ ุงูุงู ูู ุชุชููู ุนู ููุฒ ุงูุจุงุฑุตุฉ,0,
1121866729968859,Y29tbWVudDoxMTIxODY2NzI5OTY4ODU5XzEyMzMwMzYyNjUyMDE4ODA=,Unknown,ุงูุงูุฏุงู ูู ุงูุตูุญุฉ ุดุงูุฏ โโโฝโโฝโโโโโโโ ุจุฑุดูููุฉ ุฑูุงู ูุฏุฑูุฏ,0,
1121866729968859,Y29tbWVudDoxMTIxODY2NzI5OTY4ODU5XzE3MTA3ODk0MjY0ODMyMDk=,Unknown,"ููุง ูุง ุงูููุฑููฺจู""๐ฅท",0,
1121866729968859,Y29tbWVudDoxMTIxODY2NzI5OTY4ODU5XzY5Mzk4Mzk3MDE5MjcxOQ==,Unknown,ูุจุฑูู ุจุฑุดูููู ๐โค,0,
1121866729968859,Y29tbWVudDoxMTIxODY2NzI5OTY4ODU5XzExOTczNDg5Nzg3ODQwMjU=,Unknown,ุฃูู ุฃุฎุจุงุฑ ุจุฑุดูููุฉ,0,
1121866729968859,Y29tbWVudDoxMTIxODY2NzI5OTY4ODU5XzE4NjEwMzMwNjEzMjc0NzQ=,Unknown,"ููููููููููู ุฃููุง ุงูุฃุฏูู ูุดุฌุน ุฑูุงู ูุฏุฑูุฏ ููุงุฐุง ูู ุชูู ุจูุดุฑ ููุดูุฑ ูุชุนูู ุจูุชูุฌุฉ ููุงุจูุฉ ููุงุฆู ูุฃุณ ุงูููู ุงูููุงุณููู ุงูุฅุณุจุงูู ุจูู ุจุฑุดูููุฉ ูุฑูุงู ูุฏุฑูุฏ ููููู ููุงุฐุง ุุุุุุ ุงูุนุฐุงุงุงุงุจ ุงูููุณู ุงููู ูููู ูู ุนูู ูุดุฌุนู ุฑูุงู ูุฏุฑูุฏ ุญุงููู ูุฒุฑู ุงููุฒููุฉ ุงูุซุงูุชุฉ ุชูุงููุง ูู ุจุฑุดูููุฉ ๐โค๏ธ๐๐๐๐๐๐โ๐ฅ๐ช๐ปโ

VISCA BARรA VIVAAA LA VIDAAA ูููู ุฅุณุจุงููุง ูููู ูุฑุฉ ุงููุฏู ูู ุงูุนุงูู ๐๐ช๐ป๐๐ฅโค๏ธ๐",0,
1121866729968859,Y29tbWVudDoxMTIxODY2NzI5OTY4ODU5XzE2MjU3MDQ2ODE0Nzc5MzU=,Unknown,ูุนู,0,
1121866729968859,Y29tbWVudDoxMTIxODY2NzI5OTY4ODU5XzE4OTgyMTgxMzc2MTc2ODA=,Unknown,........,0,
1121866729968859,Y29tbWVudDoxMTIxODY2NzI5OTY4ODU5XzcxMDgxMzY5ODI4ODc2NA==,Unknown,ุฌูุงู ุงูุดููุญู ููุด belN SPORTSูุงุชูุฒู ุนูุง ุจุฑุดุงุ,0,
1121866729968859,Y29tbWVudDoxMTIxODY2NzI5OTY4ODU5XzMwMjgwODcxNjM0ODQ0OTIz,Unknown,.,0,
1121866729968859,Y29tbWVudDoxMTIxODY2NzI5OTY4ODU5XzIxMzM1NTM1NTA0NTIxOTE=,Unknown,No content,0,
1121866729968859,Y29tbWVudDoxMTIxODY2NzI5OTY4ODU5Xzk5MTI1OTU4Mjc2MDgxNw==,Unknown,ุงูููุงุณููู ูุงุฌุจุชู ุณูุฑุชู ูุฃู ูู ููููู ุนูุฏูู๐คจ,0,
1121866729968859,Y29tbWVudDoxMTIxODY2NzI5OTY4ODU5XzExODU1NTExMDY2OTQyMTU=,Unknown,ูููุงูุช ุงูุฑูุงู ุญููุช ุงููุฃุณ ููุชู ูุดุฑุชูู ูุจู ุงูุตุงูุฑุฉ,0,
1121866729968859,Y29tbWVudDoxMTIxODY2NzI5OTY4ODU5XzI0MTg4MzgwMzE4NDg0MzU=,Unknown,"ุญุฑููุง ุงููู ุนุงูุฒ ูุถุญู ุจุฌุฏ ๐๐ 
ูุฏุฎู ุงูุงูููุช ุฏุง ๐๐๐ Arkan Khaled",0,
1121866729968859,Y29tbWVudDoxMTIxODY2NzI5OTY4ODU5XzEyMjQxNzIwMzkyNjcyMDk=,Unknown,ุจุฑุดูููุฉ ุจุทู ูุงูุงุฏูู ูุฏู ููู ููููููู,0,
1121866729968859,Y29tbWVudDoxMTIxODY2NzI5OTY4ODU5XzY3MDI1NzU5MjMxMzgxNg==,Unknown,"Beinsport 
ูู ุฃูุชู ูู ุญุฏุงุฏ !!! ๐คฃ๐คฃ๐คฃ๐คฃ๐คฃ
ุฃูู ุฃูุชู ูู ุชุชููุฌ ุจุฑุดูููุฉ ุงูุจุงุฑุญุฉ  !!!",0,
1121866729968859,Y29tbWVudDoxMTIxODY2NzI5OTY4ODU5XzE1MTY3MTg1NzU5NTc2OTg=,Unknown,ุจุซ ูุจุงุดุฑ ูููุจุงุฑูุงุช ุนูู ุตูุญุชู,0,
1121866729968859,Y29tbWVudDoxMTIxODY2NzI5OTY4ODU5XzEyNjYxOTA1MTg0MzU3MTA=,Unknown,โค๏ธ๐โค๏ธ๐ ุจุฑุดูููุฉ,0,
1121866729968859,Y29tbWVudDoxMTIxODY2NzI5OTY4ODU5XzEwMTExOTg3Mzc3ODQyNTQ=,Unknown,#ูุงุฑู_ูุงุบูุงูุฑ ๐,0,
1121866729968859,Y29tbWVudDoxMTIxODY2NzI5OTY4ODU5Xzk4MTU2NzM1NzQ4ODQyMg==,Unknown,ุงูุงูุฏุงู ูุงููู HD ูู ุงูุงุณุชูุฑู ๐ฅโฝ๐,0,
1121859473302918,Y29tbWVudDoxMTIxODU5NDczMzAyOTE4XzEzNjI3MDEyMDgyMTQ0MTE=,Unknown,ูุนููุง ุงูุฏูู ููุงู ูู ุงููุธู ูู ุชุฃูู ุงููุตุฑ ุงูู ูุตู ููุงุฆู ุฑุงุจุทุฉ ุฃุจุทุงู ุฃุณูุง,0,
1121859473302918,Y29tbWVudDoxMTIxODU5NDczMzAyOTE4XzE3NTk2OTQyOTQ5NTYxNjU=,Unknown,ูุฑูุณุชูุงูู ุฑููุงูุฏู โค๏ธ,0,
1121859473302918,Y29tbWVudDoxMTIxODU5NDczMzAyOTE4XzIxNTg0OTgwNTc5NDkxMTE=,Unknown,ุงูุถู ูุงุฏู ูู ุงูุนุงูู,0,
1121859473302918,Y29tbWVudDoxMTIxODU5NDczMzAyOTE4XzY5OTc4Mzk0NTkzNzIyNw==,Unknown,ุฏูุฑู ุงุจุทุงู ุงุณูุง ุงูุณุนูุฏู,0,
1121859473302918,Y29tbWVudDoxMTIxODU5NDczMzAyOTE4XzEwMjI3MzY4MjY3MDk1OTg=,Unknown,ููู ุณุฌู ุงูุงูุฏุงู,0,
1121859473302918,Y29tbWVudDoxMTIxODU5NDczMzAyOTE4XzE4NTQxMjI4NzIxMDY0MTA=,Unknown,ุงูุฏูู ูุนููุง,0,
1121859473302918,Y29tbWVudDoxMTIxODU5NDczMzAyOTE4XzEzMzY2MzQxNDQyODkzMjg=,Unknown,๐ค๐ค๐ค,0,
1121859473302918,Y29tbWVudDoxMTIxODU5NDczMzAyOTE4XzY3NjM3ODE4NDkzNzk1NA==,Unknown,ูุงุฑุจ ุชุฑุฒู ุตุงุญุจ ุงููุฏ ุงูุชู ุถุบุทุช ููุชุงุจุนุชู ูุฑุญุช ูุณุฌุฏ ููุง ุจุงููุง ูุฑุฒูุง ูุง ููุชูู,0,
1121859473302918,Y29tbWVudDoxMTIxODU5NDczMzAyOTE4XzExOTY5NjAzNDU1NTI3NjY=,Unknown,"ูุงุฒูุช ูุง ุงููู ูุงูู ูุดููุฉ 
ุงูุฃูุฏูุฉ ุงููุงุจุงููุฉ ูุน ุนุฑุจ ุงูุฎููุฌ
ูู ูู ูุดูู ุจุณูููููุฌู ุจุงูุฑุบู ุฃู ููุธููุฉ ูุฑุฉ ุงููุฏู ุงููุงุจุงููุฉ ูุงูุฏูุฑู ุงููุงุจุงูู ุฃููู ูุฃูุซุฑ ุงุญุชุฑุงููุฉ ุจุฃุถุนุงู ููููุง ูุง ุชุฒุงู ุชุนุงูู ูู ูุฒุงุฆู ูุงุชูุฉ ุฃูุงู ุฃูุฏูุฉ ุฃูู ูููุง ุชูุธููุง 
ุญุชู ูุน ุงุณุชูุฏุงู ุฃูุฏูุฉ ุงูุฎููุฌ ุจุนุถ ูุงุนุจู ุฃูุฑูุจุง ููู ุงูููุชุฑุถ ููุณ ูุงูู ูุฅููุงู ุงูุฃูุฏูุฉ ุงููุงุจุงููุฉ 
ุนูู ุงูุงุชุญุงุฏ ุงููุงุจุงูู ููุฑุฉ ุงููุฏู ุฃู ูุชุตุฑู ููุฑุง ูุงูุฌุงุฏ ุญู ููุฐู ุงููุนุธูุฉ ุงูุนููุตุฉ ููุฐู ุงูููุงุฑูุฉ 
ุงูุฏูุฑู ูุงูููุธููุฉ ุงูุฃููู ูุนูู ูู ุงูุฃุฌุฏุฑ ูุชุญููู ุงูุฃููุงุจ 
ูุฑุฉ ุงููุฏู ูู ุงูุฑุงุณ ูููุณ ูู ุงูุฏููุงุฑ",0,
1121859473302918,Y29tbWVudDoxMTIxODU5NDczMzAyOTE4XzE4NDEwNDc4NTY2NzM2NTI=,Unknown,"King of Football ๐โฝ  
The Greatest Player in History โค๏ธ๐๐ต๐น",0,
1121859473302918,Y29tbWVudDoxMTIxODU5NDczMzAyOTE4XzEzOTM2MjMzMjg2NTYxMDc=,Unknown,ูุฑุณุชูุงูู ุณููุชุจ ุงูุชุงุฑูุฎ ูุนู ุงููุตุฑ ุงูุนุงููู ุงููู ุงูุฃูุถู,0,
1121859473302918,Y29tbWVudDoxMTIxODU5NDczMzAyOTE4XzEzNjIwNDA1NjUwNDQ0NDk=,Unknown,ุงูุฏุงู ุงููุจุงุฑุงุฉ ูู ุงูุณุชูุฑู โโค๏ธ๐ฅ,0,
1121859473302918,Y29tbWVudDoxMTIxODU5NDczMzAyOTE4XzE3NTE5NDU4ODUzOTEyODY=,Unknown,ุงูู ูุจุฑูู ูููุตุฑ,0,
1121859473302918,Y29tbWVudDoxMTIxODU5NDczMzAyOTE4XzY2NTQ3NDQzMjg5ODY3OA==,Unknown,"""ุณูุงูุงู ุนูู ูู ูุฑ ุตุฏูุฉ ูุงุณุชุบูุฑ ูุฒุงุฏูู ุญุณูุฉ ู ุฒุงุฏุช ุญุณูุงุชู"" โค๐คฒ",0,
1121859473302918,Y29tbWVudDoxMTIxODU5NDczMzAyOTE4XzEzNzg2NzI1Mzk5MjUyNDc=,Unknown,ุดุงูุฏ ููุฎุต ูุจุงุฑุงุฉ ุฑูุงู ูุฏุฑูุฏ,0,
1121859473302918,Y29tbWVudDoxMTIxODU5NDczMzAyOTE4XzIxODM5NDYwOTIwNTQ2MDU=,Unknown,ุฃููููุฏุงู ุงููุจุงุฑุงุฉ  ูู ุงูุณููููุชูุฑู  โฝ๏ธ๐ฅโ๐ฅถ.๐ฅ,0,
1121859473302918,Y29tbWVudDoxMTIxODU5NDczMzAyOTE4XzExODM3Mjc5ODk2MDM2ODE=,Unknown,ูู ุฏูุนู ุฏููุงุฑ..ุจูุด ูููุฒู,0,
1121859473302918,Y29tbWVudDoxMTIxODU5NDczMzAyOTE4XzUwMjY2NjcyOTQ3ODMwNA==,Unknown,ูุจุฑูู ุงูู ูุจุฑูู ูููุตุฑ,0,
1121859473302918,Y29tbWVudDoxMTIxODU5NDczMzAyOTE4XzEyMjg5NTMxMzE5NjYyMjk=,Unknown,ุฌุญุดูููุฉ ูููุฒ ุนูู ุฑูุงู ุงูุชุญููู,0,
1121859473302918,Y29tbWVudDoxMTIxODU5NDczMzAyOTE4XzEyMjIwMTM1MjI2OTEyMDU=,Unknown,๐โค๏ธ๐โค๏ธ,0,
1121859473302918,Y29tbWVudDoxMTIxODU5NDczMzAyOTE4XzMwODc4Njg0MzgwMjkwNTQ=,Unknown,ุงูุงูุฏุงู ูู ุงูุงุณุชูุฑู,0,
1121859473302918,Y29tbWVudDoxMTIxODU5NDczMzAyOTE4XzY3NzYwMDIyNDkxODMwNA==,Unknown,ูููููุงูุง ๐,0,
1121858719969660,Y29tbWVudDoxMTIxODU4NzE5OTY5NjYwXzE0MjE3NzY4MDIzMzE2NjA=,Unknown,ูุจุฑูู ูุงุฏู ุนุฑูู ุซุงูุซ ุงูุฏู ูุงุฏู ูุฑู ูุฏู ูู ุงูุนุงูู,0,
1121858719969660,Y29tbWVudDoxMTIxODU4NzE5OTY5NjYwXzM1Mzg4MjY5MTk3NTUxMzg=,Unknown,"ูุงุดู 
ูุจุนุฏูู",0,
1121858719969660,Y29tbWVudDoxMTIxODU4NzE5OTY5NjYwXzEyMjkzMDIzMjIxNTY4NzI=,Unknown,"ููููููููููู ุฃููุง ุงูุฃุฏูู ูุดุฌุน ุฑูุงู ูุฏุฑูุฏ ููุงุฐุง ูู ุชูู ุจูุดุฑ ููุดูุฑ ูุชุนูู ุจูุชูุฌุฉ ููุงุจูุฉ ููุงุฆู ูุฃุณ ุงูููู ุงูููุงุณููู ุงูุฅุณุจุงูู ุจูู ุจุฑุดูููุฉ ูุฑูุงู ูุฏุฑูุฏ ููููู ููุงุฐุง ุุุุุุ ุงูุนุฐุงุงุงุงุจ ุงูููุณู ุงููู ูููู ูู ุนูู ูุดุฌุนู ุฑูุงู ูุฏุฑูุฏ ุญุงููู ูุฒุฑู ุงููุฒููุฉ ุงูุซุงูุชุฉ ุชูุงููุง ูู ุจุฑุดูููุฉ ๐โค๏ธ๐๐๐๐๐๐โ๐ฅ๐ช๐ปโ

VISCA BARรA VIVAAA LA VIDAAA ูููู ุฅุณุจุงููุง ูููู ูุฑุฉ ุงููุฏู ูู ุงูุนุงูู ๐๐ช๐ป๐๐ฅโค๏ธ๐",0,
1121858719969660,Y29tbWVudDoxMTIxODU4NzE5OTY5NjYwXzEwODA5NDU2NzM4NjA0OTA=,Unknown,ุชุงุดููู ูุงุฏ ู9ูุงูู,0,
1121858719969660,Y29tbWVudDoxMTIxODU4NzE5OTY5NjYwXzEwMDM5NDMxMzE4NDI0MTM=,Unknown,ุงูุฏุฑุฌุฉ ุงูุซุงููุฉ,0,
1121858719969660,Y29tbWVudDoxMTIxODU4NzE5OTY5NjYwXzI1NjM3NzA5NzczNDgyNTU=,Unknown,ุตุนูุฏ ุชุงุฑูุฎู ูุฑูุณููุงู,0,
1121858719969660,Y29tbWVudDoxMTIxODU4NzE5OTY5NjYwXzMyODY4MzQ5MzQ3ODE5NzY=,Unknown,ุฑููุณูุงู ููููุงู ูุณุชูุงู ุ ูุง ููุณุฑุด ุฑุงุณูู ุจุฑุดุฉ ูุจู ูู ุงูุฃุณุงูู ๐,0,
1121858719969660,Y29tbWVudDoxMTIxODU4NzE5OTY5NjYwXzcwNTM4NzA0NTI4NDk3Ng==,Unknown,ุงูุถุญูุฉ ุงูุฌุฏูุฏุฉ,0,
1121858719969660,Y29tbWVudDoxMTIxODU4NzE5OTY5NjYwXzE4MDAyODU1OTM4Njk0NjA=,Unknown,ููุด ููุง ููุดูุฑ ุนู ุจุฑุดุง ูุงุฐุง ูุงูุช ููุงุฉ ssc ูุงููุฉ ุงูุชู ููููู,0,
1121858719969660,Y29tbWVudDoxMTIxODU4NzE5OTY5NjYwXzIxNDAzODI4MzYzOTk5NDM=,Unknown,๐๐ปโค๏ธ,0,
1121858719969660,Y29tbWVudDoxMTIxODU4NzE5OTY5NjYwXzU5OTYyMzYyOTc5MDU0NA==,Unknown,Eltieb Mahmoud,0,
1121858719969660,Y29tbWVudDoxMTIxODU4NzE5OTY5NjYwXzExMDE4MDEzMTE5NjY2NTA=,Unknown,ุจุซ ูุจุงุดุฑ ูููุจุงุฑูุงุช ุนูู ุตูุญุชู,0,
1121858719969660,Y29tbWVudDoxMTIxODU4NzE5OTY5NjYwXzUzNTE4MjEwNjA4NzMxMw==,Unknown,ุงูุฏูุฑู ุงูุทุงูู ููุณ ูููุจุงูู ุจุฎุฑูู ูุงุดูู ูุนูู ุงูุฑุจุูุฑุฏู ุฎุฑุจุงู,0,
1121821889973343,Y29tbWVudDoxMTIxODIxODg5OTczMzQzXzEwMzM4NDA3MTIwMzExNjc=,Unknown,"ููุณุชุฑ ุณูุชู ุงูุถู ูุงุฏู ูู ุงูุชุงุฑูุฎ.
ู ุฌููู ูุงุฑุฏู ุงูุถู ูุงุนุจ ูู ุงูุชุงุฑูุฎ..

ุชุงุจุนููุง ููุฒูุฏ ูู ุฃุฎุจุงุฑ ุงูุซุนุงูุจ ๐ฆ",0,
1121821889973343,Y29tbWVudDoxMTIxODIxODg5OTczMzQzXzQwNDMyOTk3MTI1Njc0MTI=,Unknown,ูู ูุง ููุณู ุงูุชุนูุฑู,0,
1121821889973343,Y29tbWVudDoxMTIxODIxODg5OTczMzQzXzEzNzU0NDgwNDM1ODY2MTg=,Unknown,ุงุฎุฑ ุนุดุฑ ุฏูุงุฆู ุงูุฑูุงู ุงูุชูุฑ ุฃูู ุฑูุงู ูุฏุฑูุฏ ๐ ููุงูู ุตุบุงุฑ ุจุฑุดูููู ูุฒูู ุงูุฑูุงู,0,
1121821889973343,Y29tbWVudDoxMTIxODIxODg5OTczMzQzXzE5NzU4NDMwNjMyMjM0OTY=,Unknown,ูู ูุนู ุฑูุงูู,0,
1121821889973343,Y29tbWVudDoxMTIxODIxODg5OTczMzQzXzM5OTMxNTA2NjQyNzMzMDE=,Unknown,ุฑูุงู ุณุชููุฒ,0,
1121821889973343,Y29tbWVudDoxMTIxODIxODg5OTczMzQzXzk4Njk1NjkyNDk3NzAwNzM=,Unknown,ููุณู ูููุณู ุณูููู ๐๐,0,
1121821889973343,Y29tbWVudDoxMTIxODIxODg5OTczMzQzXzE1NzA2NjE1MTQzMjIwNjE=,Unknown,ูููุง ุงูุญูู ููุงูุช ุงููุชูุฌุฉ 3.0ููุจุงุฑุตุง,0,
1121821889973343,Y29tbWVudDoxMTIxODIxODg5OTczMzQzXzI3MTg4NjU0NDE2NDQ1NjY=,Unknown,ุงูููู ุตู ูุณูู ุนูู ุณูุฏูุง ูุญูุฏ,0,
1121821889973343,Y29tbWVudDoxMTIxODIxODg5OTczMzQzXzY0Njc2NTE2NDg2Nzk2NA==,Unknown,ุณููู ุชู ููู.  ุงู ุดุงุก ุงููู 5. ุฌุงูุงุช,0,
1121821889973343,Y29tbWVudDoxMTIxODIxODg5OTczMzQzXzEzOTg3NjQ5MTgxMzcwNjQ=,Unknown,"ููุณู ุงูุชุนูุฑู ูุจุท 
ูุงู ุงูุงุฑุฏู ุงููุญุณ ๐",0,
1121821889973343,Y29tbWVudDoxMTIxODIxODg5OTczMzQzXzk4OTA4ODY0MzQxOTg4NA==,Unknown,ูููููููู ูููุจูููู ูุงู ูุงุจุท ูู ุงูุฌููุฉ 10๐คฃ๐คฃ๐คฃ๐คฃ๐คฃ๐คฃ๐คฃ๐คฃ๐คฃ๐ซธ,0,
1121821889973343,Y29tbWVudDoxMTIxODIxODg5OTczMzQzXzEzMjUyOTI5NTg1Nzc5MjA=,Unknown,ูุจุฏู ุงู ุงูุฃุฏูู ูุฏุฑูุฏู ๐๐,0,
1121821889973343,Y29tbWVudDoxMTIxODIxODg5OTczMzQzXzcwNDI4NjU0NTMyNjQ2Mw==,Unknown,"ููููููููููู ุฃููุง ุงูุฃุฏูู ูุดุฌุน ุฑูุงู ูุฏุฑูุฏ ููุงุฐุง ูู ุชูู ุจูุดุฑ ููุดูุฑ ูุชุนูู ุจูุชูุฌุฉ ููุงุจูุฉ ููุงุฆู ูุฃุณ ุงูููู ุงูููุงุณููู ุงูุฅุณุจุงูู ุจูู ุจุฑุดูููุฉ ูุฑูุงู ูุฏุฑูุฏ ููููู ููุงุฐุง ุุุุุุ ุงูุนุฐุงุงุงุงุจ ุงูููุณู ุงููู ูููู ูู ุนูู ูุดุฌุนู ุฑูุงู ูุฏุฑูุฏ ุญุงููู ูุฒุฑู ุงููุฒููุฉ ุงูุซุงูุชุฉ ุชูุงููุง ูู ุจุฑุดูููุฉ ๐โค๏ธ๐๐๐๐๐๐โ๐ฅ๐ช๐ปโ

VISCA BARรA VIVAAA LA VIDAAA ูููู ุฅุณุจุงููุง ูููู ูุฑุฉ ุงููุฏู ูู ุงูุนุงูู ๐๐ช๐ป๐๐ฅโค๏ธ๐",0,
1121821889973343,Y29tbWVudDoxMTIxODIxODg5OTczMzQzXzExODU1MzQ4Mjk3NzQ0MzE=,Unknown,ุทูุจ ููู ูุงูู ูููุจูููู,0,
1121821889973343,Y29tbWVudDoxMTIxODIxODg5OTczMzQzXzc1MzUzMjExMDU2ODk3MA==,Unknown,ูุง ุฎูู ุนูู ูุฏุฑูุฏ ูุฌุฑุฏ ุงุณุชุฑุงุญู ููููุฒ,0,
1121821889973343,Y29tbWVudDoxMTIxODIxODg5OTczMzQzXzE0MTI1NTIyMzk5MzIxMjQ=,Unknown,fisca barsa ๐โค,0,
1121821889973343,Y29tbWVudDoxMTIxODIxODg5OTczMzQzXzIwODE3MTcwNDg5Nzc2Mzk=,Unknown,ูุนู,0,
1121821889973343,Y29tbWVudDoxMTIxODIxODg5OTczMzQzXzEzMDgyNDM4ODc5NzMyNjQ=,Unknown,๐จ ุจูููู ูุฐู ุจุฑุดูููุฉ ุนูู ุณุชูุฑู ูุชุงุจุนุฉ ูุถูุง  โคโ,0,
1121821889973343,Y29tbWVudDoxMTIxODIxODg5OTczMzQzXzE1Nzg2NzY2MzI4MjUzNjM=,Unknown,๐ค๐ค๐ค,0,
1121821889973343,Y29tbWVudDoxMTIxODIxODg5OTczMzQzXzEzNTE4NDQ4MzI3NjY4MDA=,Unknown,ูููุง ุฅุณุฑุงุฆูู ุญุฑุฉ ๐ฎ๐ฑ,0,
1121821889973343,Y29tbWVudDoxMTIxODIxODg5OTczMzQzXzk2MDUyMDg4NzYyMzgxNTk=,Unknown,ูููุงูุฑ ูุฐู ุทุงูุนุฉ ูุงุจุทุฉ ูููู,0,
1121821889973343,Y29tbWVudDoxMTIxODIxODg5OTczMzQzXzM4NDYzMTc1MjU1ODAwMjk=,Unknown,ุจุซ ูุจุงุดุฑ ูููุจุงุฑูุงุช ุนูู ุตูุญุชู,0,
1121821889973343,Y29tbWVudDoxMTIxODIxODg5OTczMzQzXzEzNzE1NTc3NDM4ODAxMzg=,Unknown,"ุงูุงูุฏุงู ูุงููุฉ ูู ุงูุณุชูุฑู ๐ฅ๐ฅโ
ุงูู ุงูุฃุฎุจุงุฑ ุงูุนุงูููู ูู ุงูุณุชูุฑู
โผ๏ธ ุจุฑุดูููุฉ 1๏ธโฃโ0๏ธโฃ ุฑูุงู ูุฏุฑูุฏ ๐ฅโ
โผ๏ธ ุชุดููุณู 1๏ธโฃโ0๏ธโฃ ุฅููุฑุชูู ๐ฅโ
โผ๏ธ ูุฑูุณุชุงู ุจุงูุงุณ 3๏ธโฃโ0๏ธโฃ ุงุณุชูู ูููุง โ
โผ๏ธ ุจุงูุฑู ููููุฎ 3๏ธโฃโ0๏ธโฃ ูุงููุฒ ๐ฅโ
โผ๏ธ ุฏูุฑุชูููุฏ 3๏ธโฃโ2๏ธโฃ ูููููุงูู ๐ฅโ
โผ๏ธ ุจุฑุงูุชูู 3๏ธโฃโ2๏ธโฃ ูุณุช ูุงู ๐ฅโ
โผ๏ธ ุงูุงููู ุงูุณุนูุฏู 3๏ธโฃโ0๏ธโฃ ุจูุฑูุฑุงู ูููุงูุชุฏ 
โผ๏ธ ูููุฑูุงูุจุชูู 3๏ธโฃโ0๏ธโฃ ููุณุชุฑ ุณูุชู ๐ฅโ
โผ๏ธ ููููุงุณู 3๏ธโฃโ0๏ธโฃ ุฅุจุณููุชุด ุชุงูู ๐ฅโ
โผ๏ธ ุณุงูุซูุงูุจูู 1๏ธโฃโ2๏ธโฃ ููููุงู ๐ฅโ
โผ๏ธ ุจุงูุฑู ูููุฑููุฒู 2๏ธโฃโ0๏ธโฃ ุงูุบุณุจูุฑุบ ๐ฅโ
#ุงูุฏูุฑูุงุช_ุงูุนุงูููู ุฌููุน ุงูุฃูุฏุงู ุชุฌุฏูููุง ูุณุชูุฑู๐๐ฅ",0,
1121821889973343,Y29tbWVudDoxMTIxODIxODg5OTczMzQzXzY0ODc5MzIwODA0OTY2OA==,Unknown,ุงุงุง,0,
1121821889973343,Y29tbWVudDoxMTIxODIxODg5OTczMzQzXzYwMTExMTcyNjI4OTkyMg==,Unknown,ุงูู ูุงูุง ูุงูู ูุง ููุจู ๐๐,0,
1121821889973343,Y29tbWVudDoxMTIxODIxODg5OTczMzQzXzEwODEwNDgwNDcxMjQ2Mzg=,Unknown,ููุด ูุงุชุฌูุจู ููุฎุต ุจุฑุดูููุฉ ูุฑูุงู ูุฏุฑูุฏ,0,
1121819083306957,Y29tbWVudDoxMTIxODE5MDgzMzA2OTU3XzEzNzQzNDAzMjcyMjMxODc=,Unknown,ูููุง ุนูุฏู ูุดูุฏ ุนูููุง ุงููุงุฑู ูููุง ูุงูููู ุงูุฒูุงูู,0,
1121819083306957,Y29tbWVudDoxMTIxODE5MDgzMzA2OTU3XzI3Mzk3OTk3NjYyMDYxMzk=,Unknown,"ูุฑุญุงู ุฅูู ูููุดู ุจุณ ุฒุนูุงู ุนูู ููุงูุชู ุงูุณูุฆุฉ ูุนุงูุง  ูุฒุนูุงู ูู ุงูู ุนูููู ุดููุฉ ุงูุนูุงู ุงูุณุฑุณุฌูู ุงูู  ุจูุนุจุฑู ุนู ููุณูู ูุชุฑุจูุชู ูุญุชุงุฌูู ุญููุฉ ูุฏุงุน ุชุงุฑูุฎูุฉ ุชููู 
ุจุงูุฑุงุฌู ุฏูุ ุณูุงุก ูู ูุฌูุณ ุงูุฅุฏุงุฑุฉ ุฃู ุงูุฌูููุฑ .. ุฏูุฑ ุงูุฅุฏุงุฑุฉ ูู ุฃููุง ุชุนูู ุญููุฉ ูุฏุงุน ูุญุชุฑูุฉ ููููู ูููุง ุงููุงุนูุจุฉุ ูุฏูุฑ ุงูุฌูููุฑ ุฃูู ููุฏุน ุงูุฑุงุฌู ุจุฃูุถู ุดูู ูููู ุชูุฏูุฑุงู ูุฌููุฏู ุทูู ุงููุฏู ุงูู ูุงู ููุฌูุฏ ูููุง ูุนุงูุง  ุงูุฑุงุฌู ุฏู ูู ูู ุงููุงุชุดุงุช ุฏุงููุง ุงูู ุญุงุฌุฉ ุจูุนูููุง ูุฑูุญ ูุดูุฑ ุงูุฌูููุฑ ูู ุงููุฏุฑุฌ ุนูู ูููุชูู ูุน ุงููุฑูุฉุ ุฏู ุญุชู ุงูุจุงุฑุญ ููุฒู ุงุณุชูุฑู ูุงุญุฏ ุจุณ ููุง ุฑุงุญ ุดูุฑ ุงูุฌูููุฑ ูุจู ุงููุงุชุด ููุงู ุจูุดุฌุน ูุนุงูู 
ุดูุฑุง ูุงุฑุณูู ูููุฑ",0,
1121819083306957,Y29tbWVudDoxMTIxODE5MDgzMzA2OTU3XzkxMzYzNjYwNDEzNjg1OA==,Unknown,ูุฏุฑุจ ูุฑุฌุณู ู ุนููุฏ ู ุธูุฑ ุนูู ุญูููุชู ูู ุณูู ุฏูุฑ ูููุง ูู ูุง ูู ุญูู ูู ุงูุงููู ู ูููู ุฃูู ุฌุนููุง ุฃู ูุฎุงู ูู ูู ุงููุฑู...ุณูู ุญุทู ูููุง ูู ุฎุทูุท ุงูููู ูู ุงูุงููู ู ูุงู ุณุจุจ ูู ุฑุญูู ู ุงุนุงุฑู ุงูุถู ุงููุงุนุจูู ุญูุงุณุง ู ุฑุนุจ ูููุฑู ุงูููุงูุณู ู ุงูุงุณุงูู ุงูุชูุง ุนุงุฑููููุง ูููุง ุจูุง ูููู ุญูุฏู ู ุนุจุฏุงูููุนู...ุงููู ุนูููุง ูู ุงูุงููู ุงุถุฑุงุฑ ุฃูุซุฑ ููู ููุน ูุน ุชููุฑ ูู ุงูููู ุงููุงููู ุงูุชู ูู ุชุญุฏุซ ูุจู ุฐูู ูู ุชุงุฑูุฎ ุงูุงููู ู ูููุง ุชูููุฑ ุฃูุถู ุงููุงุนุจูู ุนูู ูุณุชูู ุงููุงุฑู,0,
1121819083306957,Y29tbWVudDoxMTIxODE5MDgzMzA2OTU3XzIxMDUxMDE1NDY2NTUxMzM=,Unknown,ูุจูู ุงูุฒูุงูู ุงูุจุฑ ู ุงูุถู ููุนุฉ ุฑูุงุถูู ูู ุงูุฑูููุง ๐น๐ค,0,
1121819083306957,Y29tbWVudDoxMTIxODE5MDgzMzA2OTU3XzEwMTM2NjAwODM3MTg3MDk=,Unknown,"ูุงู ุฑุณูู ุงููู ๏ทบ:
""ูู ูู ูุดูุฑ ุงููุงุณ ูู ูุดูุฑ ุงููู"" 
ุฑูุงู ุฃุญูุฏ ูุงูุชุฑูุฐู.",0,
1121819083306957,Y29tbWVudDoxMTIxODE5MDgzMzA2OTU3XzY1NzIxNzM5Mzc4OTc3OA==,Unknown,11 ุงูููุจ ูู ุซูุงุซุฉ ููุงุณู ููุทุุทุฑููุฉ ุฎุฑูุฌ ูููุฑ ู ุชุนุงูู ุงูุฌูููุฑ ูุนู ุจุนุฏ ุงููุจุงุฑุงุฉุ ุงูููุฎุต ุงูุนุฑุจ ูุง ูุนุชุฑููู ุจุงูุฌููู...,0,
1121819083306957,Y29tbWVudDoxMTIxODE5MDgzMzA2OTU3XzI0MDY1NDk2ODk3MzgzNjE=,Unknown,"ููู ุจุฏุงูุฉ ููุงูุฉ ุดูุฑุง ูููุฑ 
ูุฌูุจ ููุฑุฌู ูููุจ ุจูู",0,
1121819083306957,Y29tbWVudDoxMTIxODE5MDgzMzA2OTU3Xzk3Mzc3NjYyNTI5ODI4MjE=,Unknown,ุดูุฑุง ูููุฑ ุนูู ูู ูุญุธู ุญููู ุนูุดูุงูุง ูุนุงู ๐ฆโฅ๏ธ,0,
1121819083306957,Y29tbWVudDoxMTIxODE5MDgzMzA2OTU3XzEyMDM2OTYxMzc5MzI3NDg=,Unknown,ูุฑุงุฑ ูุชุฃุฎุฑ ุฌุฏุง ูุงู ุงูููุฑูุถ ูู ุจุนุฏ ูุงุชุด ุจุงุชุดููุง ุงูููุณููู ููุง ุชุณุจุจ ูู ุถูุงุน ุงูุฏูุฑู ูุฃูุฑูููุง,0,
1121819083306957,Y29tbWVudDoxMTIxODE5MDgzMzA2OTU3Xzk5ODMwMDMwMjQ4OTA1Nw==,Unknown,ุงูุญุณูู ุงููุญูุฏู ูู ุฎุฑูุฌ ุงูุฃููู ูู ุงูุงูู ุงูููุชุฌู ุฏู ููุง ุนุฒุงุก ููุฒูููุงููู ุงูู ูุงููุง ุนุงูุฒููู ูููู,0,
1121819083306957,Y29tbWVudDoxMTIxODE5MDgzMzA2OTU3XzI5NDg4NjUyMjU0MDgzOTUw,Unknown,"ุฏู ุตูู ุฏุงูููุฒ ููุฑููุจ ุงููุฏููููุง ุฎูุงููุต ๐คฃ
#ุงููุฌูููุฑุงู_ููุทูุฑูุญโ๏ธ",0,
1121819083306957,Y29tbWVudDoxMTIxODE5MDgzMzA2OTU3XzEyMDU4MDc0OTc5OTgxMjc=,Unknown,"ุดูุฑุง ูููุฑ๐๐
ุงูุฏูุฑู ุงููุตุฑู ๐๐
ุฏูุฑู ุฃุจุทุงู ุฅูุฑูููุง ๐๐
ูุฃุณ ูุตุฑ ๐๐
ูุฃุณ ุงูุณูุจุฑ ุงููุตุฑู ๐๐๐๐
ูุฃุณ ุงููุงุฑุงุช ุงูุซูุงุซ ๐
ุจุฑููุฒูุฉ ูุฃุณ ุงูุนุงูู ููุฃูุฏูุฉ ๐ฅ

ููุง ุณุฌู ูููุฑ ุฃูุถู ุณูุณูุฉ ุงูุชุตุงุฑุงุช ูุชุชุงููุฉ ูู ุชุงุฑูุฎ ุงูุฏูุฑู ุงููุตุฑู ูุฃูุถู ุณูุณูุฉ ูุง ูุฒููุฉ ูู ุชุงุฑูุฎ ุฏูุฑู ุฃุจุทุงู ุฅูุฑูููุง.",0,
1121819083306957,Y29tbWVudDoxMTIxODE5MDgzMzA2OTU3XzExODY1NDI5MTkzNTE3OTI=,Unknown,"ููุณุชุฑ ุณูุชู ุงูุถู ูุงุฏู ูู ุงูุชุงุฑูุฎ.
ู ุฌููู ูุงุฑุฏู ุงูุถู ูุงุนุจ ูู ุงูุชุงุฑูุฎ..

ุชุงุจุนููุง ููุฒูุฏ ูู ุฃุฎุจุงุฑ ุงูุซุนุงูุจ ๐ฆ",0,
1121819083306957,Y29tbWVudDoxMTIxODE5MDgzMzA2OTU3XzE4NTU5NTc5OTg1NjI1MTA=,Unknown,ุฐูุจ ูููุฑ ู ุฑูุจู ููู ุ!,0,
1121819083306957,Y29tbWVudDoxMTIxODE5MDgzMzA2OTU3XzEwMTgwODk2Mjk4NTM5NDE=,Unknown,"ูุงู ุฑุณูู ุงููู ุตูู ุงููู ุนููู ูุณูู:
""ุฃูุถู ุงูุฐูุฑ: ูุง ุฅูู ุฅูุง ุงููู""  ุฑูุงู ุงูุชุฑูุฐู. ๏ธ๐",0,
1121819083306957,Y29tbWVudDoxMTIxODE5MDgzMzA2OTU3XzEyMTIwNTMxODcxMDYxMzM=,Unknown,"ูุฏุฑุจ ูุจูุฑ ููุญุชุฑู  ุนุดูุง ูุนุงู ุณููุงุช ุฌูููู.  ููู
ูุฐู ุณูุฉ ุงูุญูุงุฉ  ููุงุจุฏ ูู ุงูุชุบููุฑ",0,
1121819083306957,Y29tbWVudDoxMTIxODE5MDgzMzA2OTU3XzUxMzIxNjk0MTcyNzYwMA==,Unknown,ุงุฏุงุฑุฉ ูุฑูู ุงูุงููู ููุงูุฑู ููุฌููู,0,
1121819083306957,Y29tbWVudDoxMTIxODE5MDgzMzA2OTU3XzY2NzkzNzg2MjYxNTM5Mw==,Unknown,"ุจููููู ูุฑู ูุฏุฑุณ ุงูุฌููุฒู ุฏุฎู ูุตู ูุงู ููู ุงูุทูุงุจ ุงูุนุฏู ูุงุนุฏุง ุงูุงููุงููุฉ ูุงููู Sundowns
๐๐๐๐",0,
1121819083306957,Y29tbWVudDoxMTIxODE5MDgzMzA2OTU3XzEzODc5NDU4MzI0Njg2MjI=,Unknown,ูุด ุงูุนูุจ ูุงููุฏุฑุจ ุ ุงููุงุฏู ูุงุณุฏ ูุจูุฏูุน ุงูุชูู,0,
1121819083306957,Y29tbWVudDoxMTIxODE5MDgzMzA2OTU3XzcxMzY2NDQ4Nzg3ODc1NA==,Unknown,ุชุญูุง ุงูุฌุฒุงุฆุฑ ุจูุงุฏ ุงูุดูุฏุงุก ูุงูุงุญุฑุงุฑ ู ุงูุดุฑูุงุก ุฑุจู ูุญูุถูู ููุฑุญู ุดูุฏุงุฆูู ๐ฅฐ๐ฅฐ๐ฉ๐ฟ๐ฉ๐ฟ,0,
1121819083306957,Y29tbWVudDoxMTIxODE5MDgzMzA2OTU3XzEwODI3NjE1NDAzMjc5MjA=,Unknown,ูููุง ู ุงูุดููุชู,0,
1121819083306957,Y29tbWVudDoxMTIxODE5MDgzMzA2OTU3XzIwMzQ0ODQwNDA0MTAzMTg=,Unknown,ุณุชุธู ุฌุฒุก ุฌููู ูู ุชุงุฑูุฎ ุงูุฃููู ุงูุนุธูู ุดูุฑุง ูููุฑ,0,
1121819083306957,Y29tbWVudDoxMTIxODE5MDgzMzA2OTU3XzEzMzQxNjY4NjQzMTEyMDk=,Unknown,ูุณูุงุงุงุงุงุงุงุงู ุนูุจุงู ุจุงูู ุงูุฌูุงุฒ ููู,0,
1121819083306957,Y29tbWVudDoxMTIxODE5MDgzMzA2OTU3XzEwMzE3Njk1NjgzMDk3MDI=,Unknown,ูุณู ูุงูุฑ ููููู ูุตุฑ ูููุง ูุงูุช ุนููู ูุฏุฑุจ ูุงุดู ุงูุง ูุฌูุณ ุงุฏุงุฑู ุงูุงููู,0,
1121819083306957,Y29tbWVudDoxMTIxODE5MDgzMzA2OTU3XzIyNTkyMDMxMTc4MzE2NDQ=,Unknown,ุจุนุฏ ูู ูุง ุญููู ุ ููุท ูุงูู ูู ูุจูุบ ุงูููุงุฆู !,0,
1121819083306957,Y29tbWVudDoxMTIxODE5MDgzMzA2OTU3XzY1NTY2Mjg5MDU3OTIyNw==,Unknown,ุงูุง ุฑูุงูู ุงูู ูุฒ ุฑูุงูู ูุตู ุฌูุจู,0,
1121819083306957,Y29tbWVudDoxMTIxODE5MDgzMzA2OTU3XzE4OTU3MjY4MTQ1Mjc1MTk=,Unknown,ุงูุญูููุฉ ุงููุญูุฏุฉ ุงูุชู ูุนุฑููุง ุงูุนุฑุจ ุงููุชุฎุงุฐููู ๐ช๐ฌ๐ฉ๐ฟ๐น๐ณ๐ฑ๐พ๐ฒ๐ท ุงู ููุณุทูู ุณุงุชุชุญุฑุฑ ุจูุถู ุฌูุงูุฉ ุงูููู ูุญูุฏ ุงูุณุงุฏุณ ุญูุธู ุงููู ูุฑุนุงู ูุงุฏุงูู ุชุงุฌ ููู ุฑุคูุณ ูู ุงูุนุฑุจ ๐ฒ๐ฆ๐ฒ๐ฆโค๏ธโค๏ธ,0,
1121819083306957,Y29tbWVudDoxMTIxODE5MDgzMzA2OTU3XzIwNjY0NTI3MzM4NjU4NDc=,Unknown,"ูุงุณ ุชุนุจุงูู 
ุจุนูุฏุฉ ูู ุงูุจุนุฏ ุนู ุงูููุฑุฉ ูุง ุฑูุญ ุฑูุงุถูุฉ ููุง ุณูุนู ุฑูุงุถูุฉ ูู ุงููุบุฑุจ ๐ฒ๐ฆ ุงูุฒูุงูู ูุฑูู ูุจูุฑ ููุญุชุฑู",0,
1121819083306957,Y29tbWVudDoxMTIxODE5MDgzMzA2OTU3XzEzNDcxOTg5MTMwOTczODg=,Unknown,ูู ูุงูุช ุงูุฌุฒุงุฆุฑ ุนูู ุญุฏูุฏ ููุณุทูู ูุชุญุฑุฑุช ูู ุฏูููุฉ ๐๐ป๐ฉ๐ฟ,0,
1121819083306957,Y29tbWVudDoxMTIxODE5MDgzMzA2OTU3XzEyMjAxNDM2Njk3OTAxNzM=,Unknown,ุฃุณุงูููุง ูุญู ุงููุบุงุฑุจุฉ๐ฒ๐ฆ ุนู ุฌููุจ ุฃูุฑูููุง ๐ฟ๐ฆ ููู ูุจุญู ุฌููุญูุง ูุบุฑูุฑูุง ูุงุฐููููุง ูุงุฑุฌุนูููุง ูุญุฌููุง ุงูุทุจูุนู ูุตุบุงุฑ ุงูุฑูููุง ุจููุจ ูุญูุฏ ููุฐ ูุตู ูุฑู ๐ฅ๐ฅ,0,
1121819083306957,Y29tbWVudDoxMTIxODE5MDgzMzA2OTU3XzE2MTY4MjIxMjIxNTk3OTk=,Unknown,ููุจูู ูุงุฏู ุงูุฒูุงูู ุฒุนูู  ุงููุงุฑู ุงูุงูุฑูููู ูููุง ููุนูุง  .. ๐น๐ฅ,0,
1121819083306957,Y29tbWVudDoxMTIxODE5MDgzMzA2OTU3Xzk1NDU3NTA1OTU1MzI2NDg=,Unknown,ุฏู ุตู ุฏุงููุฒ ูุฑูุจ ุงูุฏููุง ุฎุงูุต,0,
1121819083306957,Y29tbWVudDoxMTIxODE5MDgzMzA2OTU3XzY3NTgyNjk0ODM3NDMwMA==,Unknown,ูุงุฒู ูู ูุจุด ูุฏุงุก ูุดูุนุชููุด 11 ุจุทููุฉ ูุฎุงุฏ ูุนุงูู ุทูู ุงูุณููู ููุงุชุช,0,
1121819083306957,Y29tbWVudDoxMTIxODE5MDgzMzA2OTU3XzE3OTg2MTkyODczNTQ3Nzg=,Unknown,"ุดูุฑุง ูููุฑ
ุนูู ูู ุงูุจุทููุงุช ูุงููุฌุงุญุงุช ุงููู ูุฏูุชูุง
ูู ุงุนุธู ุงููุฏุฑุจูู.. ูููููุง ุณูู ุงูุญูุงู ููู ุญูุงูู ููุงูู
ูุงุญูุงูุง ุชููู ููุงูู ุญุฒููู..ูุคููู

ููู ุงูุชุงุฑูุฎ ุณูุชุฐูุฑ ุงู11 ุจุทููู ูุจุฑููุฒูู ูุงุณ ุงูุนุงูู
ููู ุงูุงุดูุงุก ุงูุฌูููู ุงูุชู ูุฏูุชูุง",0,
1121819083306957,Y29tbWVudDoxMTIxODE5MDgzMzA2OTU3XzY5NDAzMDQ1OTY3Mjc3Mw==,Unknown,ูู ู ุฑุงุญ ุงูุญูุฏููู ุน ุงูุฑุบู ุญุจูุง ููู ุถูุน ููุจุฉ ุงูุงููู ู ุงูุงุฏุงุก ู ุฅู ุดุงุก ุงููู ุงูุฌุงู ุงุญุณู,0,
1121819083306957,Y29tbWVudDoxMTIxODE5MDgzMzA2OTU3XzEwMjU1NDQ2MTIzNTEwNjg=,Unknown,ุงุนูู ุงู ูู ูุฑู #ุงูุงููู ุจูุฎุณุฑ ุจุทููู ุจูุฑุฏ ุจ ูข ููุง ุนูุฏู ๐ฆ,0,
1121819083306957,Y29tbWVudDoxMTIxODE5MDgzMzA2OTU3XzI0MzE0OTU5ODE4MDkyNjgy,Unknown,ุงูุฌุจุงู ููููุด ููุงู,0,
1121819083306957,Y29tbWVudDoxMTIxODE5MDgzMzA2OTU3Xzk1ODY2ODc3NjM0MDk4OA==,Unknown,ุฏุง ุนุงูุฒ ููุจูุฉ,0,
1121819083306957,Y29tbWVudDoxMTIxODE5MDgzMzA2OTU3XzIxMjU0NTEyNzQ1NjQ5OTE=,Unknown,ุดูุฑุง ูุงุฑุณูู ูููุฑ,0,
1121819083306957,Y29tbWVudDoxMTIxODE5MDgzMzA2OTU3XzY4NDQ0NjM2MTAwMTY2MA==,Unknown,ูุง ุงูู ุงูุง ุงููู,0,
1121819083306957,Y29tbWVudDoxMTIxODE5MDgzMzA2OTU3XzExOTY2NzU0ODE5OTYxMzI=,Unknown,ุดูุฑุง ูุตูุฏุงููุฒ โค๏ธ๐ฉ๐ฟ,0,
1121819083306957,Y29tbWVudDoxMTIxODE5MDgzMzA2OTU3XzEwODQ4NjU1OTY4MDAxNDU=,Unknown,ูุง ุชุฌูุฒ ุงูุตูุบุฉ ุขูุชู ูุชุจ ุจูุง ุงูุฎุจุฑุ ูู ููุณุช ุฅูุงูุฉ ุจู ุชุฑุงุถู ู ุงุญุชุฑุงู ุจูู ุงูุทุฑูููุ ุจูู ุงูุฃููู ู ูููุฑุ ุจูู ุงูุฌูููุฑ ู ูููุฑุ ุจูู ุงููุงุนุจูู ู ูููุฑ,0,
1121819083306957,Y29tbWVudDoxMTIxODE5MDgzMzA2OTU3XzEwOTU3NTQxNjg5ODgyMjY=,Unknown,ูููุฑ =ูกูก ุจุทููุฉ ....ููุงู ุฃูุฏูุฉ ูู ุฃูุซุฑ ูู ูกููุณูุฉ ูู ุชุตู ููุฐุง ุงูุฑูู...ุดูุฑุง ูููุฑ,0,
1121819083306957,Y29tbWVudDoxMTIxODE5MDgzMzA2OTU3XzE3NzYwNDQ3OTk3OTI5NTI=,Unknown,ููููุง ูุนุงู ุญูุงูุงุช ูุงูููุฑ ๐ ุฏูุฑู ุงุจุทุงู ุงูุฑูููุง ูุฑุชูู ูุงูุฏูุฑู ู4 ุณูุจุฑ  ููุงุณ ูุจุฑููุฒูุฉ ูุงุณ ุนุงูู ููุงุณ ุงูุชุฑูููุชููุชุงู _ ุงุญุจ ุงููุฑ ุงูู ูู ุงู3 ุณููู ุฏูู ุญูุงูู 5 ูุฏุฑุจูู ูุดููุง ูู ุงูุฒูุงูู,0,
1121819083306957,Y29tbWVudDoxMTIxODE5MDgzMzA2OTU3XzY5NzMxMTMwOTUxNDEzNw==,Unknown,"ุงููุฏู ูู ุงูุณุชูููุฑุฑู ๐ฅ๐ฅโโ

ุงููุฏู ูู ุงูุณุชูููุฑุฑู ๐ฅ๐ฅโโ",0,
1121819083306957,Y29tbWVudDoxMTIxODE5MDgzMzA2OTU3XzEzNDE2ODAxOTAzOTgwODk=,Unknown,ููุง ุนูุฏู ูุง ูุงุฑู 2๐ ูุงูุชุงุฑูุฎ ูุดูุฏ ุจูุง ุจุฃููุง ูุจุงุฑ ูุฐู ุงููุงุฑู ุงููุนููู ๐,0,
1121819083306957,Y29tbWVudDoxMTIxODE5MDgzMzA2OTU3XzY5MTQ3OTIzNjc1NzYxMQ==,Unknown,"""Goodbye Mr. Koller... Thank you from the bottom of our hearts for every moment, every trophy, and every joy you brought us. Your memory will remain forever in our hearts. We wish you all the success wherever you go, and you will always be part of the Al Ahly family.""",0,
1121819083306957,Y29tbWVudDoxMTIxODE5MDgzMzA2OTU3XzU3MDIwNjg5NTU4Mzc1MA==,Unknown,ูุง ุฎุณุงุฑุฉ ูุงู 220 ุฃูู ููุฑู ูู ุงูุดูุฑ ูุง ุชุฑู ููู ูุฏุฑุจ ููุฑุถู ููุถู ุนูุฏ ุจุงููุจูุบ ุฏู ููุงุฎุฏ ุจุณ 30ุฃูู ููุฑู ููุณูุจ ุงูุจุงูู ูููุฌูุณ .. ููุนูู ุฃูุชุฑ ูู ูุตู ูุฏุฑุจูู ุงูุฏูุฑู ุงูุฅูุฌููุฒู ุจูุงุฎุฏูุง ุฃูู ูู 220 ุฃูู ููุฑู ูู ุงูุดูุฑ ..,0,
1121819083306957,Y29tbWVudDoxMTIxODE5MDgzMzA2OTU3XzY1MDI5OTAyMTIxNTA3OA==,Unknown,ุดุทุจ ููุฑู ุฎูุงุต,0,
1121819083306957,Y29tbWVudDoxMTIxODE5MDgzMzA2OTU3Xzg1MjEzMDcwMDQ0Mjc1NA==,Unknown,ูุน ุงูุณูุงูู,0,
1121818463307019,Y29tbWVudDoxMTIxODE4NDYzMzA3MDE5XzU2NjQ2ODIxMjY3NTE3Mw==,Unknown,ูู ุงููุถู ูุนูุฏ ุฅูู ุงูุฌุฒุงุฆุฑู ๐ฉ๐ฟ ูุฎุฑ ุงูุนุฑุจ ูุฃูุฑูููุง ุฑูุงุถ ูุญุฑุฒ,0,
1121818463307019,Y29tbWVudDoxMTIxODE4NDYzMzA3MDE5XzQ3MjI4OTkyOTI0NDY4Nw==,Unknown,"ููุณุชุฑ ุณูุชู ุงูุถู ูุงุฏู ูู ุงูุชุงุฑูุฎ.
ู ุฌููู ูุงุฑุฏู ุงูุถู ูุงุนุจ ูู ุงูุชุงุฑูุฎ..

ุชุงุจุนููุง ููุฒูุฏ ูู ุฃุฎุจุงุฑ ุงูุซุนุงูุจ ๐ฆ",0,
1121818463307019,Y29tbWVudDoxMTIxODE4NDYzMzA3MDE5XzEyMjU3Mjg5OTkyMTg5NjU=,Unknown,"ููุช ููุชุฑูู ุงูุฃููู ุงููุตุฑู ูุฃููู ูุญุถุฑ ูู ูุฌููุนุฉ ูู ุงููููุงุช ุงูุชู ุชููู ุจูุถูุน ูุตุฑ ููุฏูู ุงููุงู 
ูููู ูู ูุง ูู ุฃููู ุถุนูู ููุชุฎุงุฐู ๐๐",0,
1121818463307019,Y29tbWVudDoxMTIxODE4NDYzMzA3MDE5XzEzOTQxNTQ0MTE2MDczNzc=,Unknown,ุงูุฏุงู ุงููุจุงุฑุงุฉ ูู ุงูุณุชูุฑู โ,0,
1121818463307019,Y29tbWVudDoxMTIxODE4NDYzMzA3MDE5XzExNTAyNTYxMjY4NzMyNDc=,Unknown,ุงููู ุงุนูู ุงููุตุฑ ุซุงูู,0,
1121818463307019,Y29tbWVudDoxMTIxODE4NDYzMzA3MDE5XzY4NzYwMTM3MzYyNjcxMg==,Unknown,ูุนูู ููุด ุฐูุงุจ ูุงูุงุจ,0,
1121818463307019,Y29tbWVudDoxMTIxODE4NDYzMzA3MDE5XzEwMDY3OTU3NzgyMzYyNjY=,Unknown,ุงูุงูุฏูุฉ ุงูุณุนูุฏูุฉ ุจููุฉ ......๐ซก,0,
1121818463307019,Y29tbWVudDoxMTIxODE4NDYzMzA3MDE5XzQxNTkwOTEzMjA5NzcyMzI=,Unknown,"ุฃูู ูุจุฑูู ููุง 
ูุงู ุดุงููู ุงูุฌูุจ ุงูููุจ",0,
1121818463307019,Y29tbWVudDoxMTIxODE4NDYzMzA3MDE5XzE0Njc5MzI2NTEyNDk1ODU=,Unknown,ุงูู ุงูู ูุจุฑูู ููุงููู,0,
1121818463307019,Y29tbWVudDoxMTIxODE4NDYzMzA3MDE5XzY3OTk3NzkwMTI4MzA3OQ==,Unknown,"ูุงุฎู ุณูุจู ูู ุงูุฃููู 
ููู ูุฏู ุจุฑุดูููู",0,
1121818463307019,Y29tbWVudDoxMTIxODE4NDYzMzA3MDE5XzcxNzQwNDQzNDI4NTg4MA==,Unknown,Mahrez ๐๐ฅถ,0,
1121818463307019,Y29tbWVudDoxMTIxODE4NDYzMzA3MDE5XzEyMzIzMzY4OTgyMzU0MTg=,Unknown,ูู ูุง ูู ุฃููู #ุฌููู ๐ฉ๐ธ๐ฆ,0,
1121818463307019,Y29tbWVudDoxMTIxODE4NDYzMzA3MDE5XzExNzM4MDU4NjQyMzA4OTE=,Unknown,ูุนู,0,
1121818463307019,Y29tbWVudDoxMTIxODE4NDYzMzA3MDE5Xzk4MjAzNjcwNzI0Nzg4Mg==,Unknown,โค๏ธ๐๐ป,0,
1121818463307019,Y29tbWVudDoxMTIxODE4NDYzMzA3MDE5XzEzNDE2NzM2MDAyMzY5MDA=,Unknown,ุฃูู ูุจุฑูู ุฃูู ูุจุฑูู ุฃูู ๐ฉ๐ฟ๐ฉ๐ฟ๐ฉ๐ฟ ุงูุงููู ุงูุณุนูุฏู ๐๐๐๐ ุฑูุงุถ ูุญุฑุฒ ๐๐๐ ุฃู ุดุงุก ุงููู ูุงุณ ุฃุณูุง ูุฎุจุฉ ๐ธ๐ฆ๐ธ๐ฆ ุงูุงููู ุงูุณุนูุฏู ๐๐๐๐๐๐๐ ุฑูุงุถ ูุญุฑุฒ,0,
1121818463307019,Y29tbWVudDoxMTIxODE4NDYzMzA3MDE5XzEwMDk5MTg1MzQ2MTc4OTU=,Unknown,ุจูุฑูุฑุงู ๐,0,
1121817696640429,Y29tbWVudDoxMTIxODE3Njk2NjQwNDI5XzExNzc2NDMzNjEwNDE1Mzg=,Unknown,.,0,
1121817696640429,Y29tbWVudDoxMTIxODE3Njk2NjQwNDI5XzExODE3MDM0NzY5ODgyNTA=,Unknown,ุดุญุงู ูู ูุงุญุฏ ุฏุจุง ููุดูู ูุงุฏ ุชุนููู ุจุบูุชู ุชุดูู ูููุชู ูู ุฌูุฉ ุงููุฑุฏูุณ ุงูุฃุนูู ุฅูุง ุฏุฑุชู  ูุชุงุจุนุฉ ุฌุฒุงุงุงู ููู ุฎูุฑ ุงุฎู ูุงุฎุชู ๐คฒโ.,0,
1121817696640429,Y29tbWVudDoxMTIxODE3Njk2NjQwNDI5XzY4NDA3ODg4MDk3OTQ5Mg==,Unknown,ูุนู,0,
1121817696640429,Y29tbWVudDoxMTIxODE3Njk2NjQwNDI5XzIxMzY1MDAyNjM1MzU1NTI=,Unknown,ุฃูุฏุงู ูุจุงุฑูุงุช ุงูููู ูู ุงู ุณุชูุฑู โ,0,
1121817696640429,Y29tbWVudDoxMTIxODE3Njk2NjQwNDI5XzY1ODI0NzkwMzgzNDIzNQ==,Unknown,ุจุซ ูุจุงุดุฑ ูููุจุงุฑูุงุช ุนูู ุตูุญุชู,0,
1121817696640429,Y29tbWVudDoxMTIxODE3Njk2NjQwNDI5XzEyNTU3NTYyMzI1NTk0Mjk=,Unknown,ุฃููููุฏุงู ุงููุจุงุฑุงุฉ  ูู ุงูุณููููุชูุฑู  โฝ๏ธโ๐ฅถ.๐ฅ,0,
1121817696640429,Y29tbWVudDoxMTIxODE3Njk2NjQwNDI5XzUyOTYxNzMyMDAyMDI1OA==,Unknown,"โ๏ธโ๏ธ ุดุงูุฏ ูู ุงูุงุณุชูุฑู โ๏ธโ๏ธ

  ุงูุฏุงู ูุจุงุฑุงู ุจุฑุดูููู ู ุฑูุงู ูุฏุฑูุฏ โ๏ธ๐ฅ๐๐๐",0,
1121724243316441,Y29tbWVudDoxMTIxNzI0MjQzMzE2NDQxXzY4ODE1NzEzNzEwMjQ1Mg==,Unknown,"โ๏ทฝโ{ุฅูู ุงูููููู ููููููุงุฆููุฉู ููุตููููููู ูุนูููู ุงููููุจููู ููุงุงูููููุง ุงููุฐููููู ุงูููููู ุตููููู ููุณููููููู ูุนูููููู ุชูุณูููููููุง}๐ฟ๐๐ฟ
โ",0,
1121724243316441,Y29tbWVudDoxMTIxNzI0MjQzMzE2NDQxXzExODc3MDI2NzI4MjY1MjI=,Unknown,"๐คฒ ุงูููู ูููููุฑู ูู ุฏุฑุจู ู ุงุบูุฑ ูู ุฐูุจู ู ุญููููู ูู ูู ูุง ูููู ุฎูุฑุงู ูู ู ุฃุชููููุงู ๐คฒ
ูู ูุฑุฃูุง ูุฏุนููุง ุจูุชุงุจุนุฉ ุฌุฒุงูู ุงููู ุฎูุฑุง โค",0,
1121724243316441,Y29tbWVudDoxMTIxNzI0MjQzMzE2NDQxXzExMDI1NDMzOTE3MDM5NzQ=,Unknown,ุง ุงูุฏุงู ุงููุจุงุฑุงู ูู ุงูุงุณุชูุฑู,0,
1121724243316441,Y29tbWVudDoxMTIxNzI0MjQzMzE2NDQxXzE0MzYwODYxMzA3MjEyMDI=,Unknown,ูู ุงุจุณุชุดุงูู ุชุงูู ุฏู ุงูู ุงููู ุฌุงุจู ุงุตูุง ๐,0,
1121724243316441,Y29tbWVudDoxMTIxNzI0MjQzMzE2NDQxXzE3NTQ0MzMwODE4MDc2MDM=,Unknown,"ุงูุญูุฏ ููู
ูุงูุดุณุชุฑ ูููุงูุชุฏ ุงูููุณู ุงููุงุฏู ูู ุงูุจุฑูููุฑููุบ",0,
1121724243316441,Y29tbWVudDoxMTIxNzI0MjQzMzE2NDQxXzE1NjYyNTQ4NjA2MTU1Njc=,Unknown,ุญูู ุงูููู ุงูู ุดุงูุช,0,
1121724243316441,Y29tbWVudDoxMTIxNzI0MjQzMzE2NDQxXzY3Nzk1NTU3NDkzNzI1OQ==,Unknown,ุงูุฃูุฏุงู ูู ุงูุณุชูุฑู โฝ๏ธ๐ฅโฝ๏ธ๐ฅโ๐ฅโ,0,
1121690203319845,Y29tbWVudDoxMTIxNjkwMjAzMzE5ODQ1XzE4ODA0NTAwMDk0MzI1MzY=,Unknown,"ููุณุชุฑ ุณูุชู ุงูุถู ูุงุฏู ูู ุงูุชุงุฑูุฎ.
ู ุฌููู ูุงุฑุฏู ุงูุถู ูุงุนุจ ูู ุงูุชุงุฑูุฎ..

ุชุงุจุนููุง ููุฒูุฏ ูู ุฃุฎุจุงุฑ ุงูุซุนุงูุจ ๐ฆ",0,
1121690203319845,Y29tbWVudDoxMTIxNjkwMjAzMzE5ODQ1XzE1NTk0MjIyMzU0NDU0NzQ=,Unknown,ุงุจุฏ ูุงุตูุฑ ูุซู ูุณูุช ุจุฑุดูููุฉ ๐ 8๐,0,
1121690203319845,Y29tbWVudDoxMTIxNjkwMjAzMzE5ODQ1XzEwMDAzOTc0NDg2MzIxMTAz,Unknown,ุนูู ุจุนุฏ ูุจุงุฑุฉ ูุงุญุฏุฉ,0,
1121690203319845,Y29tbWVudDoxMTIxNjkwMjAzMzE5ODQ1XzY5NjQxNDI5Mjg0MTg2NA==,Unknown,"ูุฑุงุญ..ูุชููุฌ.
ุจุงูุฏูุฑู..๐",0,
1121690203319845,Y29tbWVudDoxMTIxNjkwMjAzMzE5ODQ1XzE3OTE2MzkwNTE2OTc2NjU=,Unknown,ูุงุฎูุฑุงู ูุงุฑู ููู ๐ฅน๐,0,
1121690203319845,Y29tbWVudDoxMTIxNjkwMjAzMzE5ODQ1XzEyODIxMTkwODY4NTkyMjc=,Unknown,ุงูููุฏ ู ุจุงูุณุชุงู ููุนููู ุญุฑุจ ุนูุดุงู ุงูุนุงู ููู ูุง ูููุฒุด,0,
1121690203319845,Y29tbWVudDoxMTIxNjkwMjAzMzE5ODQ1XzE0MDMwMjM1NzQwNTQ4OTk=,Unknown,"ูุงุฑู ููู ุจููุนุจ ุทูู ูุณูุฑุชู ูุณุชูู ููุณุจ ุจุทููู 
ูููู ูุง ูุจูู ููุชูุฌ ุฎูุงุต ูุงุฎุฏ ุฃูุฒุงุฑ ููุบูุจ ุนู ุงููุงุชุด ุงููุฌุงู 
ุงููุงุฏ ุฏุง ูุงุฎุฏ ูุต ูุญุณ ุงูุนุงูู ูุงู ูุงุชุจ ุงูููููุช ุงููุต ุงูุชุงูู",0,
1121690203319845,Y29tbWVudDoxMTIxNjkwMjAzMzE5ODQ1XzExMTE2OTk4ODc2NDIwNDc=,Unknown,ุงูุจุงูุฑู ูุน ูุฐู ุงูุงุฏุงุฑุฉ ุงูุบุจูุฉ ุถูุงุน,0,
1121690203319845,Y29tbWVudDoxMTIxNjkwMjAzMzE5ODQ1XzkyMTcyNDM0MzMwMzkwMg==,Unknown,๐๐ป๐ค,0,
1121690203319845,Y29tbWVudDoxMTIxNjkwMjAzMzE5ODQ1XzE0MjgwODk5NzE4ODk2NjE=,Unknown,ุฃูุฏุงู ุงููุจุงุฑุงุฉ ุจุงูุณุชูุฑู ๐ฅโฝ๏ธ๐ฅโ,0,
1121690203319845,Y29tbWVudDoxMTIxNjkwMjAzMzE5ODQ1XzQwMzc2NjU5MzMxODA0OTA=,Unknown,ุงูุฃูุฏุงู ุงุณุชูุฑู,0,
1121690203319845,Y29tbWVudDoxMTIxNjkwMjAzMzE5ODQ1XzE1NjY0MzU2OTQzMTU5OTY=,Unknown,ุญุณู ุฑุณููุงุงุงุงุงุง,0,
1121690203319845,Y29tbWVudDoxMTIxNjkwMjAzMzE5ODQ1XzE4NzkzMjU4NjU5NDAyNTA=,Unknown,๐๐ช,0,
1121690203319845,Y29tbWVudDoxMTIxNjkwMjAzMzE5ODQ1XzE0NDg2OTU2MzYyOTIyNjE=,Unknown,"ุนุงุฌู !!!!!!!
ููุงุฉ ูุงุฑู ููู",0,
1121689423319923,Y29tbWVudDoxMTIxNjg5NDIzMzE5OTIzXzEzNzExMjU2MDc1NDYwNDI=,Unknown,"ููุณุชุฑ ุณูุชู ุงูุถู ูุงุฏู ูู ุงูุชุงุฑูุฎ.
ู ุฌููู ูุงุฑุฏู ุงูุถู ูุงุนุจ ูู ุงูุชุงุฑูุฎ..

ุชุงุจุนููุง ููุฒูุฏ ูู ุฃุฎุจุงุฑ ุงูุซุนุงูุจ ๐ฆ",0,
1121689423319923,Y29tbWVudDoxMTIxNjg5NDIzMzE5OTIzXzEzNTk4OTkyMTE3MjY3MTE=,Unknown,ุงูุงูุฏุงู ู ุงูุงุณุชูุฑู,0,
1121689423319923,Y29tbWVudDoxMTIxNjg5NDIzMzE5OTIzXzEzNTY5MDg4NDIyNjA5MjY=,Unknown,ุนุงุฌู ุณูุชู ููู ูุจุงุฑุงุฉ ุฑูุงู ูุฏุฑูุฏ ู ุจุฑุดูููุฉ ููุงุณููู ุงูููู ุงู ุดุงุก ุงููู ุนูู ุตูุญุชู ุจุฌูุฏุฉ ุนุงููุฉ,0,
1121689423319923,Y29tbWVudDoxMTIxNjg5NDIzMzE5OTIzXzM5MTY1MjUzNzE5MzQ3MzA=,Unknown,ููุชุฎุจ ุงูุทุงููุง ุซุงูู ููุชุฎุจ ูุญุตู ุนูู ูุฃุณ ุงูุนุงูู ููุชุฎุจ ุงููุฑู ูุงูุงู ููุชุฎุจ ุฌุฏูุฏ ููุทูุฑ ููุฎูู  ูุฑุนุจ ูุงุจูุฎุณุฑ ุงูุง ุงุฐุง ุงูุง ุงุฐุง ุงูุงุงุฐุง ุนู ุทุฑูู ุงุฎุทุงุก ุงูุญูุงู,0,
1121689423319923,Y29tbWVudDoxMTIxNjg5NDIzMzE5OTIzXzEwNjk5OTgwNjE2MjY2MDY=,Unknown,ุงูุฃูุฏุงู ูู ุงูุงุณุชูุฑู  ๐ฅโฝ๏ธ๐ฅโ๐คฏ,0,
1121689423319923,Y29tbWVudDoxMTIxNjg5NDIzMzE5OTIzXzE5MTM0NjkwNjI3MjcxMTE=,Unknown,"ุจููุฒู ูู ุงูุงูุฏุงูู ู ุงูุงุณุชูุฑุฑู
ูุง ุชุจุฎู ุนูููุง ุจูุชุงุจุนู โค๏ธโค๏ธโค๏ธ",0,
